stock,buy_date,sell_date,buy_reason,sell_reason,buy_price,sell_price,profit_pct,is_win,holding_bars,adx,pdi,mdi,pdi_mdi_ratio,is_strong_trend,atr_pct,vs_ma5,vs_ma10,vs_ma20,vs_ma60,is_bullish_align,ma5_slope,recent_gain3,recent_gain5,body_pct,body_ratio,upper_shadow_ratio,lower_shadow_ratio,vol_ratio,reversal_ratio,prev5_drop,rsi,macd_diff,macd_dea,macd_hist,macd_hist_prev,macd_hist_slope,kdj_k,kdj_d,kdj_j,kdj_cross,boll_upper,boll_mid,boll_lower,boll_pctb,boll_width,cci,wr,mfi,bias6,bias12,bias24
600206,2024-09-19 00:00:00,2024-10-11 00:00:00,影线后收阳,止盈清仓,8.800000190734863,10.420000076293945,18.21969148620129,True,22,26.810218751285532,24.764840237252464,20.689604658949584,1.196970200517586,False,2.5892876398253337,1.1726861008052836,0.21637796016851382,1.0043057970990859,0.0,False,-0.022989031912258356,0.5714307512555803,-0.11350997055084161,1.851850012202395,0.5,0.18749850988245953,0.8125014901175405,1.310638053342123,2.666645474052293,-2.2805102907651706,53.73,0.029,0.047,-0.037,-0.054,0.017,38.05630588008975,38.164141807986844,37.84063402429557,False,9.117,8.713,8.308,0.6081584557909305,9.284976471938496,-62.08866505639344,49.333,52.951725753882485,0.956,-0.047,1.334
600206,2024-10-18 00:00:00,2024-11-19 00:00:00,影线后收阳,止盈清仓,10.75,19.420000076293945,80.36220832536063,True,32,41.99800712475477,47.83117931155229,16.647127338654084,2.873239228517815,True,5.6677745426216,2.537199392923162,-0.4721795916788849,8.937981543377022,18.629416200439238,True,0.6335187612581719,2.772466164392117,3.1669858089235725,5.703047387954522,0.7249997317791624,0.3793108551171211,0.0,1.441349117346677,2.636360089645277,-8.928571580624096,62.193,0.485,0.477,0.017,0.018,-0.0009999999999999974,33.511024440656854,46.89711218163308,6.738848958704409,False,11.921,9.868,7.815,0.7148075986361423,41.60924199432508,28.342858897410387,41.667,69.24474000362973,2.642,1.511,10.953
600206,2025-02-18 00:00:00,2025-03-05 00:00:00,影线后收阳,止盈清仓,18.290000915527344,19.34000015258789,5.5717029317763265,True,15,46.83800340115024,39.33283176018954,17.145078613784808,2.294117900898137,True,5.033974804109063,1.3184182868793073,5.51517652113059,10.999852485062394,3.7799234670573703,False,1.3246523419245744,-1.0816595893268937,6.89655326173326,3.9795381288638993,0.6140360857169627,0.3999978201753669,0.22857096146615005,1.2344756374675192,2.3333418104599266,1.273144123914961,61.812,0.508,0.218,0.58,0.592,-0.01200000000000001,67.27864377361841,69.50690622410346,62.82211887264833,False,18.773,16.478,14.182,0.8947943619096806,27.86139094550309,80.57964436998276,29.901,68.88572126152413,2.207,7.906,12.716
600206,2025-07-10 00:00:00,2025-07-30 00:00:00,影线后收阳,盈利锁定,18.8799991607666,18.950000762939453,0.2102261440085892,True,20,42.664388764723526,27.02702863461409,10.810799557701356,2.500002750986228,True,3.63952832432329,0.7040708708409756,0.6450191663169205,1.6939979419990272,4.1923388446501955,True,0.24596250847329196,0.2123089588893481,1.2332415385564142,1.72413633637985,0.4324321537838973,0.4375044703526214,0.8749970197649191,1.2214667331056102,0.6956528950292737,-0.05420178031603887,55.683,0.226,0.246,-0.04,-0.054,0.013999999999999999,44.599365375172276,42.252517632466116,49.29306086058459,True,19.632,18.565,17.499,0.6474445198155654,11.489361702127674,-19.661458090801524,42.756,54.325880733366056,0.792,0.23,2.185
600206,2025-08-15 00:00:00,2025-09-03 00:00:00,影线后收阳,止盈清仓,19.459999084472656,21.809999465942383,11.896788062192238,True,19,8.448104434661992,21.263421962762944,21.571624554168654,0.9857125924553443,False,2.3821780202969234,1.2803140035546494,1.459849644840339,0.6308779032239553,4.478541798818615,False,0.3866237578989907,2.098633944061846,1.9381819220918528,2.528975520616751,0.7619050502420519,0.2500019868233873,0.06249751647076588,1.3538904113239607,1.297293117580044,-2.8061282331869895,54.232,0.073,0.095,-0.045,-0.092,0.047,57.633005520555926,51.43778455473532,70.02344745219715,True,20.188,19.338,18.488,0.5717641673368571,8.790981487227217,64.54307790320843,29.63,44.568240777698875,1.389,1.885,0.77
600206,2025-09-24 00:00:00,2025-10-20 00:00:00,回调反转买入,止盈清仓,21.5,22.31999969482422,3.6478995613918137,True,26,30.394577800086868,17.1307935923379,19.746839273424015,0.8675207892836357,False,3.936876569475447,2.939767965003128,1.7414349377674707,-0.3060372103677479,6.678574992901982,False,0.30736691283083833,2.527423481163317,1.5108578385903992,6.911980842670584,0.8687494114042732,0.04316510236566222,0.10791481420495087,1.6246026349330809,3.0217312883282954,-5.3320834162631545,54.03,0.115,0.267,-0.305,-0.442,0.137,44.17813950630882,35.68171594162237,61.170986635681714,True,23.496,21.566,19.636,0.48290155440414534,17.89854400445145,-46.32984737131515,27.711,43.97384926174677,2.699,1.759,0.266
600206,2026-05-28 00:00:00,2026-05-29 00:00:00,影线后收阳,止损清仓,30.84000015258789,28.399999618530273,-8.059101469645299,False,1,32.29057272297714,20.078743328887406,15.17538255858612,1.3231128277242012,True,6.471187346782821,4.323117062634097,3.205943334563051,3.7231364494041594,24.22793946020753,False,1.385554870072393,1.8494037425480023,7.009023175411218,7.194993611011998,0.848360344979883,0.0,0.1787443931313325,1.7199434570059782,1.725001390776371,-8.637547562485562,59.593,1.211,1.595,-0.77,-1.007,0.23699999999999988,36.44719484342057,32.612496712752225,44.11659110475726,True,33.161,29.733,26.305,0.6614644329912325,23.058554468099423,-32.951385110133785,46.041,42.45423317986239,4.761,2.224,5.687
002407,2024-09-24 00:00:00,2024-10-09 00:00:00,影线后收阳,止损清仓,9.600000381469727,12.039999961853027,25.21605480957773,True,15,8.644953590180412,23.491380860703337,25.646540783036436,0.9159668377671191,False,3.452381070644132,4.257169749882137,3.3035634661365583,2.4710496836116684,0.0,False,1.0092146320586257,3.3369259514492517,5.032822985428295,5.147867044222807,1.0,0.0,0.0,2.747046983530613,4.272743035988313,-4.334036424511687,51.648,-0.168,-0.199,0.063,-0.003,0.066,45.96550133109416,35.85575942458626,66.18498514410994,True,9.799,9.369,8.938,0.7688738460740149,9.189881524175462,19.89465302504427,30.0,64.72293222887961,4.386,2.775,2.505
002407,2024-10-23 00:00:00,2024-11-01 00:00:00,多头排列形成,盈利锁定,11.59000015258789,11.520000457763672,-0.7629522558294324,False,9,37.83912005974887,40.32752519233085,18.730820357211115,2.153003681806456,True,6.021199569695759,3.0955341405728505,2.921588578008506,6.379073624847166,14.185318078037442,True,1.0607697657057829,4.039495470346765,5.363637750799006,1.5775662364851557,0.4090919928127567,0.7777730682829653,0.6666649006061119,1.3360510150478833,1.200005086275956,3.5390142781135734,59.677,0.399,0.404,-0.01,-0.03,0.019999999999999997,44.981356791792116,36.79904046021573,61.3459894549449,True,13.083,10.895,8.707,0.6588208758199018,40.16521340064249,3.840598838154404,57.051,60.040597148711335,3.467,0.797,9.04
002407,2025-07-17 00:00:00,2025-08-04 00:00:00,影线后收阳,止盈清仓,11.970000267028809,12.210000038146973,1.8418515052728532,True,18,60.19725348531356,24.213826764333216,11.635234932035777,2.08107759798337,True,1.8976029927549094,0.6220576270037432,1.012659668317554,2.3514346861974755,4.984653796587557,True,0.0,-0.33305546287030713,0.0,1.7857145753384045,0.8076917433884753,0.0,0.2380961031057988,1.0354379734262478,2.333329801212224,-1.1804333364345172,59.875,0.155,0.148,0.013,0.008,0.004999999999999999,53.761680737961825,59.17451192980808,42.93601835426932,False,12.249,11.695,11.141,0.7481951868491048,9.474134245404024,40.963938482279815,30.882,54.753700641379,0.518,1.141,3.461
002407,2025-08-15 00:00:00,2025-09-18 00:00:00,影线后收阳,止盈清仓,12.6899995803833,16.209999084472656,27.534053582015027,True,34,13.376940811367765,14.355209520591936,18.73482474670785,0.7662313213319214,False,2.3134080526037453,1.1638977471391017,2.198594468245078,1.882698802064696,7.528700109869526,False,0.7226590638593975,1.3578204185624625,3.676469098692048,3.5073355911403814,0.8599987030029297,0.1395360700131075,0.02325638131061663,1.1865167945293706,1.3030286391353352,0.1627376552135994,59.492,0.153,0.169,-0.031,-0.064,0.033,65.35241839338227,54.6781066021653,86.7010419758162,True,12.854,12.456,12.057,0.7942278298410306,6.398522800256895,70.37802786563147,19.718,42.629746450189145,1.574,2.449,2.601
002407,2025-09-24 00:00:00,2025-11-18 00:00:00,影线后收阳,止盈清仓,16.81999969482422,36.38999938964844,116.00352860747074,True,55,56.04716675216455,38.07136084428745,12.523476083447004,3.039999485015869,True,6.781895376466306,3.9426530901912935,0.730626021460421,7.82396749891113,24.786703163578654,True,0.07421084362985307,5.256571818839592,0.35799203534011975,7.065561132921378,0.8161764241832233,0.14414405126129912,0.0810812436260599,1.3550659325380967,3.8275729394122755,-8.923437360510727,63.004,0.866,0.965,-0.198,-0.236,0.03799999999999998,30.78977606054054,37.88666937152768,16.595989438566264,False,18.941,15.599,12.258,0.6826275168074547,42.842489903198924,-10.987401316337149,35.029,43.8710787096818,3.328,0.343,10.576
002407,2026-02-11 00:00:00,2026-02-24 00:00:00,影线后收阳,震荡市时间止损,29.989999771118164,30.200000762939453,0.5391646665138639,True,13,34.375572478269845,19.72156471183712,26.102077450082838,0.7555553671753638,False,4.106130591790784,2.9664202127245733,3.847084996167872,0.2708200359979903,-5.014279697061501,False,0.8518002280047751,1.5233542371160993,4.276771670540941,4.458379406002056,0.666666997803569,0.3359375582076297,0.1640616967347103,1.558910298836227,1.882358386042663,-0.6576622731846187,49.078,-0.726,-0.778,0.104,-0.104,0.208,57.61111763431235,41.91466955636991,89.00401379019725,True,32.572,29.909,27.246,0.5152083685914689,17.80734895850749,37.04343769533073,43.537,52.44533353479204,3.183,3.679,-1.061
002407,2026-05-15 00:00:00,2026-05-25 00:00:00,影线后收阳,盈利锁定,36.27000045776367,38.43000030517578,5.785856799851561,True,10,30.675310614605916,29.182508109708838,17.839044754110002,1.6358784067171184,True,6.215288400139666,5.033014276083649,2.3160051802145083,8.59606750556788,20.21012921087238,True,0.8645867155028693,6.301294235591999,4.254094576858089,3.8659861386216487,1.0,0.0,0.0,1.2578583233659437,1.298077981146609,-11.756827455031983,61.398,1.53,1.616,-0.173,-0.354,0.181,38.310556155839684,46.92576621202036,21.08013604347832,False,38.55,33.399,28.248,0.7786837951624611,30.84523488727206,57.43401890083448,27.56,53.117246983203074,4.902,3.047,11.245
002156,2024-10-18 00:00:00,2024-11-15 00:00:00,影线后收阳,止盈清仓,22.790000915527344,31.030000686645508,35.93842181187715,True,28,45.55584925799778,49.76258218422217,18.138650482882543,2.7434555967205583,True,6.600638945625656,4.560472620612799,0.2154731088042117,9.831329208597708,10.997471132745739,True,0.5072407478199861,5.558132257797204,2.4730267539095716,7.1462173251099435,0.7414639138808511,0.348683302422583,0.0,1.5753718672606132,4.108121204623014,-10.207538268150106,60.509,0.746,0.667,0.157,0.103,0.054000000000000006,31.463068110103148,41.82026673577385,10.748670858761741,False,25.289,20.75,16.211,0.724719201974812,43.74939759036146,30.363050598295164,46.496,73.06633857017674,4.207,2.079,11.937
002156,2025-08-11 00:00:00,2025-09-04 00:00:00,影线后收阳,止盈清仓,27.3700008392334,31.739999771118164,15.780891598257817,True,24,43.923283159052296,32.38006406155314,13.284150501716965,2.437496026363752,True,2.828958618639605,0.35934694765678277,-0.12771058044185726,2.327324031675877,9.278203186276054,True,0.24996335554427163,-1.0126538269795398,1.2578621677796396,2.3560249570222425,0.6428585330535888,0.539678839365187,0.015873352265502478,1.1148810284274397,1.0862088810110264,-1.219962783784222,59.5,0.569,0.618,-0.097,-0.089,-0.008000000000000007,39.78921815412548,50.285176693556004,18.79730107526443,False,28.35,26.747,25.145,0.6942280309620585,11.982652260066557,21.967750133911007,38.745,78.64033014950702,0.508,0.146,3.325
002156,2025-10-27 00:00:00,2025-10-30 00:00:00,多头排列形成,震荡市时间止损,43.86000061035156,44.599998474121094,1.524530913097874,True,3,13.422405659300978,37.639260402667084,25.81180984634881,1.458218568427557,False,6.87088819202238,6.4098223540148975,6.634899379812821,8.416760564277403,30.181205291695374,True,2.318539383425824,8.860758534876027,11.916310659066603,1.8342254959947895,0.5163408796250125,0.3164553294639149,0.6202497416632061,1.521346711866572,0.4968558740334302,8.03825464135485,63.545,2.007,2.258,-0.501,-0.88,0.379,46.404537344521984,36.20923523642107,66.79514156072379,True,46.873,40.455,34.037,0.7652696019282926,31.72908169571128,52.593754250370424,41.71,54.045521148696686,7.29,4.487,11.366
002156,2025-12-22 00:00:00,2025-12-25 00:00:00,影线后收阳,震荡市时间止损,37.11000061035156,37.540000915527344,0.9969127227770501,True,3,17.30956053613982,15.681536701970643,20.86853626735279,0.7514440160569955,False,3.1912841636187177,3.146371458132815,1.6461721290393199,1.530762305640833,-4.59254749527606,False,0.4186669747271469,2.4855055195647306,2.0627062360017607,2.9689224962345215,0.8359380587940777,0.15887683872025782,0.03738404386546593,1.6852303430679036,2.609756324491296,-3.8005388285814816,50.691,-0.505,-0.571,0.132,-0.049,0.181,39.64575675149575,36.53905749288036,45.85915526872654,True,37.868,36.55,35.233,0.7123341974768735,7.20930232558141,25.98899828053028,36.152,48.61741822095886,2.964,1.405,1.75
002156,2026-04-22 00:00:00,2026-04-24 00:00:00,影线后收阳,止损清仓,48.810001373291016,48.34000015258789,-1.1213317133925755,False,2,50.13157417394055,36.32446750070815,13.322904700582892,2.7264675622215413,True,3.7345976731564305,1.5140830337145967,3.9904584535969643,9.615193862562974,2.7420365741497483,False,0.7966129467317111,1.4760975502980935,4.050312368491137,2.2841578472445607,0.4718612573961321,0.02752181201594473,1.0917452062561026,1.13703006885733,1.101012630913757,1.0285051976989208,61.965,0.794,0.104,1.38,1.395,-0.015000000000000124,83.38602511079854,80.92424448431751,88.30958636376062,True,50.0,44.528,39.057,0.8912548088541548,24.575547969816743,78.24915455728484,3.959,79.59146162335603,1.928,5.526,10.077
600539,2026-04-09 00:00:00,2026-05-13 00:00:00,影线后收阳,止盈清仓,15.079999923706055,18.25,20.82764489096131,True,34,35.4719418515414,35.984359491717676,14.471971205748407,2.4864863936036814,True,7.2660095095315125,5.336685804548459,4.714949654459446,14.489617023393878,27.816467779540243,True,0.11188800518328829,7.714285169328962,0.5333328247070312,4.722224466594708,0.47222225901519915,0.32352965925792954,0.7941172345701175,1.048398871114677,6.799977111903718,-1.8404939083809575,64.928,0.826,0.709,0.234,0.202,0.032,67.26926000250914,68.64368044304746,64.5204191214325,False,15.945,13.172,10.398,0.8440598384182539,42.112055876100825,69.7815362013969,13.873,55.66047896391091,4.505,7.293,15.737
000001,2025-06-10 00:00:00,2025-07-22 00:00:00,影线后收阳,止损清仓,10.850000381469727,11.890000343322754,9.409968948350656,True,42,61.55160465517927,32.42004280641095,8.21922282195712,3.9444170706508785,True,1.441740169903446,0.5933647327313972,1.420829418340419,2.5810748378308555,4.830920916135485,True,0.0,1.3071927434556438,0.0,0.8364326270766567,0.5,0.8888865341414827,0.11111346585851736,1.1935213644804248,4.499904634751097,1.4150906899257627,66.937,0.146,0.125,0.043,0.042,0.000999999999999994,68.50735618023074,67.61087788266573,70.30031277536077,True,10.898,10.577,10.256,0.9252342390494187,6.069774038006991,99.86145685045027,19.231,65.192320748853,0.494,1.766,3.284
000858,2024-10-18 00:00:00,2024-10-30 00:00:00,影线后收阳,止损清仓,132.10000610351562,137.89999389648438,4.223628854723658,True,12,64.6892571398575,49.6110901422836,13.208105206361441,3.7561095529727706,True,7.368876810935346,-0.20547930362231773,-4.498886624560581,7.291087565561726,13.893716166146794,True,-0.9947485900496649,-0.7513147664488248,-4.792788393862613,4.749825917194057,0.6510872296438318,0.42737816543161444,0.10851434554120251,1.4289841276714141,1.3164838407855421,-9.944711225690227,56.849,6.493,6.64,-0.296,0.417,-0.713,22.118191747320793,37.260244318311045,-8.165913394659711,False,159.98,123.123,86.266,0.621781562573129,59.87021108972327,-14.927000428710935,54.805,63.195623360472474,-1.0,-3.546,9.891
600550,2026-02-06 00:00:00,2026-03-13 00:00:00,影线后收阳,盈利锁定,15.609999656677246,17.139999389648438,9.625778294218618,True,35,32.82774491968736,27.037510241511526,21.086669250099902,1.282208675103273,True,7.074220431886615,-1.0145885075606824,2.7920426309624853,5.862802985823604,32.30495078173771,True,1.8865486673711036,-4.642645959642742,10.3180217491668,4.765101049156984,0.507143022576202,0.8591543998635306,0.1126759428278994,1.0535912342044151,0.7244901732574026,4.4506282213450215,61.335,1.017,1.076,-0.117,-0.083,-0.034,62.45790602289167,59.21199426062942,68.94972954741617,True,17.067,14.746,12.424,0.6861941970013453,31.48650481486505,30.554088695094357,45.81,63.53771235245338,0.71,3.048,9.901
600176,2025-03-31 00:00:00,2025-04-07 00:00:00,影线后收阳,止损清仓,12.300000190734863,11.369999885559082,-7.70883605143156,False,7,76.95072429416201,34.42622886745857,7.17212205706844,4.800005994534074,True,2.83391296830351,0.753605819313177,1.485151046826747,5.430080103738572,12.236520491340592,True,0.016385759340645525,0.5723683656470123,0.0813688276067997,2.4146540909768754,0.9062507450587702,0.06896381627626304,0.03448355240441058,1.0004989232780666,9.666751438471564,-0.08257040042116023,67.941,0.372,0.339,0.065,0.076,-0.010999999999999996,63.79954954985565,69.61322518930126,52.17219827096443,False,12.674,11.666,10.659,0.8143921542108504,17.272415566603794,57.09668355682817,22.581,66.55464665661594,0.641,2.429,6.582
600176,2025-08-13 00:00:00,2025-09-04 00:00:00,回调反转买入,止盈清仓,12.100000381469727,14.09000015258789,16.2600204133776,True,22,38.116585816538695,6.962027799582496,24.367021849685965,0.2857151703860035,False,1.8654088599831624,0.9679603309682724,0.8921908354720601,-0.8968389408373212,4.836034807847049,False,0.13368971173473548,1.3400402571981447,0.6655567442543902,1.2552349338808408,0.6250004967038731,0.5333307902115242,0.06666793822757125,1.4213828439861638,2.5000317894268367,-0.8312504573157801,54.066,0.059,0.122,-0.126,-0.157,0.031,36.03397466311546,23.317442196470743,61.46703959640489,True,12.683,12.209,11.736,0.3843721029247373,7.7565730199033425,-19.769268452821738,68.965,32.22640575649281,0.917,0.429,-0.483
600176,2025-11-13 00:00:00,2025-11-17 00:00:00,影线后收阳,止损清仓,16.34000015258789,15.430000305175781,-5.72019850057017,False,4,16.456172501944767,33.96225871883478,21.132084887353038,1.6071418840059764,False,3.4752569626145333,2.9226513544391883,3.371924996106142,4.056550220581595,8.022345768492722,True,0.8000001453217984,2.8967256601507128,4.010185314520393,5.692109393722837,0.8888892099914265,0.056817307452638695,0.06818228615210886,2.3662185008179355,7.999956651407962,-0.5141444423067811,57.768,0.114,0.129,-0.03,-0.124,0.094,50.75244787593041,41.21285805625028,69.83162751529065,True,16.423,15.703,14.983,0.9423612170749252,9.170222250525363,51.489684316858025,32.298,59.36661435830398,3.102,3.005,3.905
600176,2025-12-30 00:00:00,2026-03-16 00:00:00,影线后收阳,止盈清仓,16.40999984741211,24.520000457763672,49.18208684177603,True,76,42.057563096885374,30.74630315811529,13.134350282743213,2.3409078101496834,True,2.9163389094375853,0.4161059312170489,3.5919453368154906,5.561094568439014,5.219286314252229,False,0.3438544666028017,0.06097700679539487,1.7359001935137137,3.729457420791981,0.6210529168887724,0.40677916787896423,0.20338958393948212,1.1831659644308155,1.2040825064908272,2.846051612533106,61.091,0.249,0.118,0.264,0.262,0.0020000000000000018,76.90809297880016,72.11709881161788,86.49008131316472,True,16.642,15.545,14.449,0.8942087767497081,14.107430041814087,77.08040024977336,14.141,64.98751397871385,0.634,4.606,6.056
600176,2026-06-11 00:00:00,2026-07-02 00:00:00,影线后收阳,止盈清仓,41.06999969482422,67.81999969482422,64.86856767053361,True,21,24.218464328947686,31.17166786374133,19.551598209629997,1.5943283781470077,False,7.214161954566556,6.9085800680993295,5.932422022451154,7.827822259933802,25.712302308465247,True,1.4149948983962333,15.494932814237018,6.980985537338722,5.011503589580327,0.5297293730597886,0.3214292665267944,0.5663271065507725,1.1843738636655643,3.111104383261379,3.8512241897893906,60.053,1.284,1.482,-0.397,-0.764,0.367,57.168131822247496,44.48755955599139,82.52927635475972,True,43.443,38.088,32.734,0.7784106541062863,28.11646712875445,46.9050691352751,29.543,54.53115559004381,6.921,4.701,8.013
600403,2025-07-24 00:00:00,2025-07-30 00:00:00,多头排列形成,止损清仓,4.150000095367432,3.9100000858306885,-5.933834404288128,False,6,35.797433585011554,35.38961348092887,18.18181536695907,1.9464290427918818,True,5.301204976498987,3.388142996311162,4.1928214530557,4.613059929067017,7.745567211077488,True,1.92991423736217,6.683804201842344,10.079578683380506,0.4842610259641867,0.125,1.0,6.0,1.2751086681408177,0.25,10.399996439615885,59.543,0.047,0.035,0.026,0.008,0.018,47.513163246907226,39.083581952981,64.37232583475968,True,4.289,3.967,3.645,0.7841616387693041,16.233929921855296,46.97474803133995,39.726,66.89134690794756,4.446,3.534,5.553
300207,2024-09-11 00:00:00,2024-09-13 00:00:00,影线后收阳,止损清仓,16.020000457763672,15.239999771118164,-5.021082086695496,False,2,18.92265669596655,27.503351230329347,22.563431456135042,1.218934774340413,False,3.3395744826763463,1.123597128964775,0.06871292165954586,1.7368964133484912,0.0,False,-0.3647786266398947,2.2988544946317755,-1.7780442530624874,1.9083981274738582,0.731709756579789,0.099995867413923,0.2666662428116844,1.3538167087404878,3.000019073595468,-4.92401448054377,52.853,0.057,0.059,-0.004,-0.026,0.022,44.18305090147778,48.04500498320891,36.459142738015515,False,16.498,15.747,14.995,0.6819696991108924,9.544675176224054,15.539744682564658,45.902,56.94186351413937,0.628,0.94,1.776
300207,2024-10-25 00:00:00,2024-11-01 00:00:00,影线后收阳,止损清仓,23.100000381469727,21.399999618530273,-7.507491189485514,False,7,47.28165827121128,33.44781792445753,17.904679743974693,1.8681047861642672,True,7.201608080061837,2.2033463175150287,5.301547586014096,11.86440940190338,32.545331746976984,True,0.8837705472885051,2.0768945564874843,4.477610781497045,3.309480102498661,0.560606016819351,0.5405401922298717,0.24324373087817966,1.3611467555614776,1.0277757173737974,6.003842547177106,64.602,1.569,1.508,0.121,0.121,0.0,71.61852956923478,63.23118648593414,88.39321573583605,True,26.162,20.65,15.138,0.7222424148648157,53.384987893462466,59.057461798683846,49.331,60.652620584025065,2.575,5.894,17.081
300207,2025-03-03 00:00:00,2025-03-05 00:00:00,影线后收阳,止损清仓,24.389999389648438,23.530000686645508,-3.680342089182294,False,2,45.27794686416349,30.029806937119755,13.040250735295581,2.3028550253132134,True,3.93018283824566,-0.4489836330961266,0.9770609306995794,3.6703264576373655,8.266067686733583,True,0.07352352854972756,-1.6135599479883973,0.37037100993249866,0.7851182674339147,0.11801152464625211,5.789517537695505,1.6842311321701768,1.4603304374656414,0.26760404465887966,-2.4390259031121184,59.907,0.674,0.607,0.134,0.2,-0.066,63.81003733144795,69.84201517643291,51.74608164147804,False,25.411,23.527,21.642,0.7291057016843823,16.019892038933996,71.33752438760017,42.763,67.50090336915022,-0.313,1.59,5.101
300207,2025-08-11 00:00:00,2025-10-10 00:00:00,影线后收阳,止盈清仓,21.84000015258789,31.229999542236328,42.76577981240599,True,60,33.87340679875904,25.246997495740917,14.160275512466546,1.7829453581968617,True,2.979460570170979,1.979828951012216,1.2893055726858444,2.082311733113373,10.498356131344423,True,0.478558909958042,1.2048203419881414,2.390999675133727,4.049549265071031,0.988371835134224,0.011764969875124818,0.0,1.72027083526045,4.722216335353707,-0.9905706804897855,59.227,0.405,0.499,-0.189,-0.261,0.07200000000000001,30.445934539942087,31.16492112898323,29.0079613618598,False,22.335,21.394,20.454,0.7368421863837799,8.792184724689168,3.6490162714620946,52.66,45.411703376000965,2.048,1.131,3.372
300207,2025-11-05 00:00:00,2025-11-12 00:00:00,影线后收阳,止损清仓,36.08000183105469,32.209999084472656,-10.868966435525925,False,7,34.84562117797797,30.946274663991037,17.318212715106295,1.7869208083463073,True,5.418515436382555,1.456615354580088,7.936703208918497,12.81875454300319,28.37497883851491,True,1.6812503341705012,0.8948644422301089,8.871461966063237,9.632336670739464,0.8025319927491794,0.1987371795566049,0.0473190637270652,1.0690875143514182,1.811429704938616,8.459315069820985,64.308,1.591,1.25,0.683,0.592,0.09100000000000008,72.41973889048644,71.08480630992841,75.08960405160252,True,36.824,31.981,27.137,0.9231962249462877,30.289859604139952,84.45543653879592,18.99,72.56045895625242,2.621,9.911,11.768
300207,2025-12-17 00:00:00,2025-12-19 00:00:00,影线后收阳,止损清仓,28.979999542236328,28.40999984741211,-2.1236786459330386,False,2,21.25738340992455,16.704969542344458,18.007666811167212,0.927658742107839,False,3.216503855663106,0.9826467826355162,0.3705876757664207,0.25426663312642883,-6.989683002517784,False,0.04183188078686844,-1.7960036683659155,0.20746703244847176,4.057447559384802,0.8625951308718334,0.15929242376929503,0.0,1.010264837476654,2.215683634582085,-4.237001104002009,45.825,-0.689,-0.723,0.067,-0.032,0.099,42.88739658610659,38.99497014234951,50.67224947362074,True,29.94,28.906,27.873,0.535558559378968,7.150764547152841,-70.95584105633459,36.585,46.34682938381229,0.853,0.314,-1.179
000725,2024-10-18 00:00:00,2024-10-29 00:00:00,影线后收阳,止损清仓,4.050000190734863,4.199999809265137,3.5378179625404225,True,11,44.351574669014475,40.94200695145351,17.028979247572018,2.4042549090128813,True,4.867726724116094,0.09886769442398696,-3.0636627478025247,2.687631461942948,6.6303964937259385,True,-0.14807370848148976,0.2475304202044876,-0.7352875865728263,2.0151174193477095,0.4210533580619336,0.9999970197738008,0.3749988824151753,1.5450391533864747,1.5999971389879646,-6.572774524987385,54.08,0.091,0.101,-0.02,-0.011,-0.009000000000000001,19.02364516687947,32.78026398598852,-8.489592471338632,False,4.52,3.944,3.368,0.5920140544573469,29.208924949290054,-19.78032549889863,67.857,67.47912897179033,-0.041,-2.174,3.791
000725,2024-11-11 00:00:00,2024-11-19 00:00:00,影线后收阳,止损清仓,4.550000190734863,4.289999961853027,-5.865102396738422,False,8,85.57864709297174,31.896526386860675,3.0172267616503903,10.571471389645776,True,3.6420738274440025,0.7082794147462573,2.247195297412654,6.122453428218395,14.976419886414153,True,0.7133317970234138,2.0179406237243804,3.6446544217632395,1.3363123090261775,0.40000254312989353,0.9999920527696098,0.4999920527696098,1.0336217472707465,1.2000038146827137,3.9080478165735664,62.794,0.148,0.135,0.026,0.03,-0.004,74.74698766232622,71.1069136394951,82.02713570798846,True,4.671,4.288,3.904,0.8422427519359362,17.88712686567165,90.81446270589316,17.308,71.24029408428481,1.186,3.019,6.568
000725,2025-01-07 00:00:00,2025-01-10 00:00:00,影线后收阳,止损清仓,4.320000171661377,4.090000152587891,-5.475510354328736,False,3,24.549352578915286,30.666617923343708,18.66663699681791,1.6428571428571428,False,2.4801602084484724,3.398755434522461,2.151810785968337,1.802759624639319,1.5873048266421184,False,-0.09564792042223949,4.600485519506565,-0.460829037404248,5.882359128509954,0.8000015894587098,0.2083319260028968,0.041665590472803424,1.7533062452751718,12.000023841880648,-3.7825022858310713,55.463,-0.01,-0.002,-0.016,-0.042,0.026000000000000002,41.441993635647755,33.864865681902174,56.596249543138924,True,4.386,4.244,4.101,0.7684216549521995,6.7153628652214925,10.370425000607238,18.919,50.99825259418634,2.735,2.007,2.097
000725,2025-02-12 00:00:00,2025-02-27 00:00:00,影线后收阳,止损清仓,4.440000057220459,4.269999980926514,-3.9826582207035255,False,15,50.534871152640555,28.205142835251415,7.6922857471228765,3.666679029156048,True,1.8822379464949746,0.4979656494622525,1.0698856036934914,3.327904451110629,4.331480098717501,True,0.18140572504324695,0.2257388096916995,0.9090900224102623,0.9090900224102623,0.4,0.0,1.5,1.0560690087382294,3.999904634751097,0.9195393731027225,60.369,0.054,0.041,0.027,0.028,-0.0010000000000000009,70.96205509316515,74.19755139158936,64.49106249631674,False,4.532,4.297,4.062,0.8042554408945934,10.937863625785427,68.94303371598689,9.375,73.66176260925005,0.566,1.293,3.91
000725,2025-07-17 00:00:00,2025-08-01 00:00:00,影线后收阳,止损清仓,3.9800000190734863,3.9700000286102295,-0.41080616588375296,False,15,36.7455505675174,25.974017931565772,19.48051344867433,1.3333333333333333,True,1.3819086511113805,0.657561328174058,0.9127780218115805,1.5047176460207274,4.224860778279348,True,0.05060723860033207,-0.25062632680088337,0.25188892673024776,2.313622409825836,0.9,0.0,0.1111111111111111,1.074849331894265,4.5,-0.765305377701246,59.251,0.033,0.036,-0.005,-0.01,0.005,48.95228291926995,52.78384072126166,41.28916731528652,False,4.011,3.921,3.831,0.8277778837415902,4.59066564651875,20.655713006590272,28.571,62.225785700257774,0.59,0.93,1.975
000725,2025-09-11 00:00:00,2025-09-15 00:00:00,影线后收阳,止损清仓,4.099999904632568,4.099999904632568,-0.15995201439567758,False,4,34.118230708284464,21.014488246656093,13.768118946673715,1.526315129034606,True,2.404181439965511,1.0848092262252107,0.9603513194307775,1.5354106218127528,2.98488380309791,True,0.5453638739687363,0.7370941451077506,2.756889594809717,1.9900478628265224,0.8,0.0,0.25,1.2015794339914765,4.0,1.0050241623450802,56.587,0.022,0.025,-0.006,-0.014,0.008,44.33534619226503,42.10195731266632,48.802123951462434,True,4.211,4.038,3.865,0.6791904758166708,8.56859831599802,-11.558465608651922,42.308,66.14794410145683,1.36,0.758,2.075
000725,2025-12-29 00:00:00,2026-01-22 00:00:00,影线后收阳,止盈清仓,4.070000171661377,4.340000152587891,6.463342804978141,True,24,28.100497575963633,17.821734966572976,22.772300833545195,0.7826058111932331,False,1.7725500073534013,1.5976068155098486,1.0427036316002538,0.6927295390550539,2.2056706020127743,False,0.45135482612649386,1.7500042915344238,2.261310355692962,2.0050165898100376,0.5000014901175405,0.8749944120758766,0.1249996274717251,1.871993655955458,4.000011920940324,-1.240699457364075,56.958,0.016,0.023,-0.013,-0.023,0.01,37.653116800524785,29.709390429547888,53.54056954247858,True,4.203,4.042,3.881,0.5869570548489965,7.966353290450286,28.187873419215762,45.833,54.948299942751525,1.708,0.847,1.686
601991,2024-10-18 00:00:00,2024-11-14 00:00:00,影线后收阳,止盈清仓,2.6700000762939453,2.759999990463257,3.2054395558684967,True,27,65.79542411199472,40.54053740574573,12.432432502094539,3.2608692947993654,True,4.949170920781966,0.0749642336390591,-2.090207010710936,3.62895702605742,0.6407876053420154,False,-0.2989533745209477,0.7547162342173653,-1.4760133317333188,2.298857609567729,0.5000009934097199,0.6666640175793435,0.33333200878967173,1.3900686661068262,1.4999970197826826,-5.7553988301194705,53.275,0.036,0.027,0.018,0.025,-0.007000000000000003,20.887385855296813,33.69075018014152,-4.7193427943926025,False,2.935,2.576,2.218,0.6304045694476225,27.833850931677024,-14.999999801317722,64.865,66.00643848625324,-0.187,-1.324,4.929
601991,2024-12-06 00:00:00,2024-12-23 00:00:00,影线后收阳,止损清仓,2.7899999618530273,2.75,-1.5913492063068186,False,17,30.34916408297283,17.045449927322924,22.727293662802747,0.7499991059305415,False,2.2529426810476005,1.7505453716293542,2.8761034133891723,1.5838324581212926,4.143335790435993,False,0.660792315345647,1.4545440673828125,3.333330095550217,2.9520266634666377,0.8888888888888888,0.0,0.125,1.8246090948428233,8.0,1.1194018896451168,55.093,-0.006,-0.007,0.001,-0.011,0.012,72.37303129759177,56.48647301973783,104.14614785329965,True,2.858,2.747,2.635,0.6950670935113333,8.117946851110315,77.77777393850644,13.636,53.42796009231568,2.011,2.699,0.783
601991,2025-03-31 00:00:00,2025-04-07 00:00:00,影线后收阳,止损清仓,2.8299999237060547,2.630000114440918,-7.215779255547572,False,7,52.33246692955905,38.70965343691805,13.978476705743374,2.7692326032215884,True,2.3473001773035134,0.78347334028574,0.2834849307713315,2.9465223055626186,6.43765682330123,True,-0.42553319566943887,1.0714275678809637,-2.076130761943677,3.6630001440991404,0.7692307692307693,0.3,0.0,1.6179040499554196,2.0,-4.545450377297415,58.997,0.044,0.045,-0.002,-0.004,0.002,43.41388889798304,56.62867549143071,16.984315711087703,False,2.927,2.749,2.571,0.727527875578805,12.950163695889408,19.336170962330822,30.0,76.83413884964949,0.295,0.712,3.489
601991,2026-03-27 00:00:00,2026-03-31 00:00:00,多头排列形成,止损清仓,4.480000019073486,3.940000057220459,-12.19424261129186,False,4,26.80690311385683,36.78475316367501,18.256146668360067,2.0149242790334876,False,5.851402777822759,3.703704603087927,4.5019846247543445,5.710242628262536,14.617090607625027,True,1.3133218284066082,5.66038351204981,6.666671964857554,3.4642054967762284,0.5769229358471188,0.7333337571883156,0.0,1.01808685746842,14.99966622162884,5.02392456390217,60.444,0.127,0.122,0.009,-0.006,0.015,54.52148465065716,42.29967083572898,78.96511228051351,True,4.64,4.238,3.836,0.800995048598864,18.971212836243506,67.30363399875509,50.0,66.73258911834844,4.186,3.008,7.316
600664,2024-11-07 00:00:00,2024-11-21 00:00:00,影线后收阳,震荡市时间止损,4.070000171661377,3.859999895095825,-5.311410688840002,False,14,59.904140050174,31.45540095286834,6.572774524987385,4.7857112446632595,True,3.7381537813327315,2.0050153707678984,2.235622425561478,6.294074824528852,18.57247333316282,True,0.5544361525625027,2.0050165898100376,2.777781122595073,3.826532970612721,0.833333554091195,0.1333331214058422,0.0666665607029211,1.1565659404767172,2.4999940395535227,2.0671877129287437,63.477,0.158,0.159,-0.002,-0.008,0.006,57.2489373483445,56.97813097341413,57.79055009820523,True,4.166,3.829,3.492,0.8575670202691048,17.60250718203187,72.22536656378452,26.667,70.4440862918668,2.133,3.453,6.556
600664,2025-05-29 00:00:00,2025-06-05 00:00:00,影线后收阳,盈利锁定,3.7899999618530273,3.7899999618530273,-0.1599520143956892,False,7,37.89749991917888,25.16555883587294,9.933766992063344,2.533334922792043,True,2.8458344652149896,1.3911169141181048,0.423952963387553,1.9502341509341832,4.249758213852873,True,0.26824008602408334,2.4324300813361748,1.3368971173472657,2.4324300813361748,0.75,0.0,0.3333333333333333,1.0143338457907638,9.0,-3.14960334281626,56.077,0.036,0.041,-0.008,-0.015,0.006999999999999999,37.69627825637112,41.9988193976206,29.09119597387216,False,3.868,3.718,3.567,0.740863660641287,8.095750403442704,-0.9114650676392809,37.5,76.71496606753693,1.382,0.642,2.076
600664,2025-07-01 00:00:00,2025-07-07 00:00:00,影线后收阳,震荡市时间止损,3.7699999809265137,3.799999952316284,0.634530372414663,True,6,25.57876251789938,17.43116597117018,30.275248622313253,0.575756327838153,False,2.0651774061001658,2.168019579010947,2.7527923289391385,0.2392968783214165,2.524587773624509,False,0.49019560101368653,3.571425062521013,2.4456497971919604,2.7247929851148855,1.0,0.0,0.0,1.8691420973017852,10.0,1.657463621407091,53.567,-0.019,-0.012,-0.014,-0.033,0.019000000000000003,56.377318508135616,36.44551046296405,96.24093459847876,True,3.969,3.761,3.553,0.5216345695348888,11.06088806168572,16.636962082254193,47.368,32.593995236820106,2.214,2.168,0.044
600664,2025-07-16 00:00:00,2025-08-07 00:00:00,影线后收阳,止盈清仓,3.869999885559082,3.890000104904175,0.35602289986409247,True,22,63.33181865662001,26.923110428663062,9.61538020675486,2.8000047683761293,True,1.9195266071797772,0.5717250403716125,1.0180100128710516,3.117503679574367,3.19999683888753,True,0.46997345149931286,0.2590671174877994,2.3809501283202863,1.57480167140813,0.8571399377388438,0.16667064031344125,0.0,1.0483184976962772,1.5,0.0,58.593,0.028,0.017,0.022,0.02,0.0019999999999999983,70.76215951313796,73.12663704046534,66.0332044584832,False,3.93,3.753,3.576,0.8305081512968415,9.432454036770585,81.83583140337998,11.539,68.18917358035118,0.869,1.309,3.005
000100,2024-08-15 00:00:00,2024-08-20 00:00:00,影线后收阳,震荡市时间止损,3.690000057220459,3.7100000381469727,0.38118593260976646,True,5,25.75272741085188,20.895514155743154,23.880602857214534,0.874999441206755,False,2.5938837983492427,2.900169898171464,2.3578387380103014,0.7508551325842167,0.0,False,0.3919382587177526,4.532580371883006,1.9337064606168062,3.9436649798496,0.7777780721215934,0.21428534935959115,0.07142844978653039,2.3297025785017498,7.000011920940324,-0.8356538191369898,47.473,-0.088,-0.097,0.017,-0.004,0.021,36.903463821222694,26.637445916767593,57.4354996301329,True,3.838,3.662,3.487,0.5783477413688287,9.584926269797926,10.121167188527043,39.286,49.66032168225067,2.738,1.583,-0.394
000100,2024-10-18 00:00:00,2024-10-29 00:00:00,影线后收阳,止损清仓,4.0,4.239999771118164,5.8304451518472105,True,11,45.32796001218113,42.295092500945465,17.704918442859192,2.3888894285194557,True,5.446428060531616,-0.24937750752724464,-3.8692625050429736,2.105935031749593,6.269925763628883,True,-0.2983587388423217,-0.4975119657066306,-1.477831123772482,2.8277607231204662,0.6111103016656181,0.6363658038073315,0.0,1.500104151835366,1.5714285714285714,-7.565010208035146,52.612,0.087,0.103,-0.032,-0.022,-0.010000000000000002,16.508494822760895,30.199187604552872,-10.87289074082306,False,4.554,3.917,3.281,0.5648075412411624,32.49936175644626,-33.036070358905576,68.182,63.178527961413636,-0.456,-3.245,3.237
000100,2025-09-24 00:00:00,2025-09-29 00:00:00,影线后收阳,震荡市时间止损,4.349999904632568,4.239999771118164,-2.6846460027346595,False,5,20.758392627158944,23.611087655580533,15.277795714359984,1.5454511957760948,False,2.3645321655014273,1.1627884798271755,1.0687699882595385,0.45029096012831954,-1.0126325170137058,False,0.3266434616303407,0.9280733731803988,1.6355068082427315,3.3254124754644065,0.875,0.0,0.14285714285714285,1.158717226425361,3.5,-0.9367672606955859,50.196,-0.035,-0.035,-0.0,-0.014,0.014,43.34647278088502,40.289764883588184,49.4598885754787,True,4.535,4.331,4.126,0.5476770284414869,9.443546525051946,7.6921442792464685,35.294,61.56120044772012,1.241,1.143,-0.77
000100,2026-01-23 00:00:00,2026-02-02 00:00:00,影线后收阳,止损清仓,4.960000038146973,4.659999847412109,-6.198668387036905,False,10,61.45777846765819,36.30571458986611,9.554146607994433,3.799995549522686,True,4.521889173871115,1.4314924357342935,2.7553354072275846,6.164384313133242,12.864078713460003,True,0.9079664335766799,1.6393426604503258,4.641356068608219,3.1185051382921953,0.6000003814697266,0.5333324856233688,0.1333331214058422,1.6707381538586379,1.6666737309463133,-0.8230444599618197,64.932,0.138,0.124,0.028,0.024,0.004,56.55590404627722,55.00617974789466,59.655352643042335,True,5.067,4.672,4.277,0.8645570103126234,16.90924657534247,98.5221804474187,29.508,64.5783452022657,1.953,3.531,7.07
000100,2026-02-04 00:00:00,2026-02-09 00:00:00,影线后收阳,震荡市时间止损,4.829999923706055,4.809999942779541,-0.5733679744278586,False,5,25.641505104413557,12.698395878766089,24.20634552705151,0.52458954882616,False,3.726709515537389,1.4705878522687101,-0.4123727070916486,0.4053616420533157,7.8847424944569715,False,-0.5847947741833353,1.4705817533261394,-2.8168988409594498,3.426120873622839,0.8421042064553693,0.125,0.06250149011754047,1.0105207880985265,4.0,-6.1876328433998316,54.89,0.07,0.103,-0.066,-0.076,0.009999999999999995,41.23583129782113,45.4085732160603,32.890347461342785,False,5.055,4.811,4.566,0.5398771445931594,10.164207025566407,-55.523593883787726,47.917,54.733906753866734,0.73,-0.549,1.169
601678,2024-10-18 00:00:00,2024-11-15 00:00:00,影线后收阳,止盈清仓,3.700000047683716,3.859999895095825,4.157451293021759,True,28,47.27490390785246,47.66664542092555,16.666671964856473,2.859997816086856,True,5.791506637402858,1.425439850580567,-2.219871668175175,5.398093456837217,9.225093786684315,True,0.0,2.4930790915023455,0.0,3.9325872796185197,0.5384619616898009,0.6428560480787734,0.21428534935959115,1.5313517276151023,1.5555540838384267,-7.532466728222011,56.807,0.11,0.114,-0.008,-0.004,-0.004,20.326600948224918,33.22978859693136,-5.479774349187963,False,4.195,3.51,2.826,0.6384222408208295,39.00284900284901,-7.879253831595937,56.391,60.18567132036089,1.185,-1.465,7.143
601678,2024-11-20 00:00:00,2024-12-04 00:00:00,多头排列形成,震荡市时间止损,4.03000020980835,3.9100000858306885,-3.132859585727509,False,14,44.09923879234373,30.136958338987608,9.589043332880992,3.1428534935959114,True,2.587736046424498,2.91113831561513,1.9994985184134981,3.1482004633167984,12.632761558277666,True,0.41025724166478866,4.40415335058718,2.0253205356679924,2.544532858841947,0.8333353201567206,0.09999737739938154,0.09999976158176196,1.4496253586053631,1.4285748345543783,-0.5037778534604955,62.552,0.079,0.091,-0.024,-0.038,0.013999999999999999,45.07652113757629,40.3797249599763,54.47011349277628,True,4.062,3.907,3.752,0.8967748703495141,7.934476580496558,97.05021092648616,24.0,63.00850990384602,2.762,2.047,4.09
601678,2026-02-11 00:00:00,2026-03-04 00:00:00,多头排列形成,盈利锁定,5.429999828338623,5.340000152587891,-1.814753529995589,False,21,32.954117773583974,24.00931799836875,14.452223028189412,1.6612889208489237,True,5.6432519040713,2.336972962614407,1.914409879120708,4.76557565841178,17.067908543668008,True,0.6449150057683547,3.824088117318352,3.2319314079749653,2.067662652779472,0.4230760060815136,1.3636414866962017,0.0,1.1698361554989622,3.6666295795915125,2.8680706466613874,62.742,0.198,0.212,-0.028,-0.035,0.007000000000000003,52.93576486235612,47.88247979526594,63.04233499653651,True,5.759,5.183,4.607,0.71440957321061,22.226509743391862,64.23750741191523,39.437,63.76885745862684,2.485,1.654,6.776
601678,2026-03-11 00:00:00,2026-03-18 00:00:00,影线后收阳,止损清仓,5.639999866485596,5.179999828338623,-8.3029355195693,False,7,28.966925888958567,28.311677084422215,16.363650100148178,1.7301565916620183,False,4.875887123366121,1.7683138898433248,2.0075939659409734,3.6764674977912053,15.290266919248705,True,1.0944900239611979,-2.925991014943387,5.617972009838204,5.223875485010544,0.666665909782426,0.178572280067166,0.3214294229243088,1.074113839330258,2.5454490283370976,-2.0146544458951396,56.967,0.135,0.156,-0.043,-0.061,0.018000000000000002,46.677740703571025,47.48839872263786,45.05642466543735,False,5.771,5.44,5.109,0.8021146019419876,12.16911764705882,15.337148254777517,39.706,50.311890383027794,2.39,1.943,3.891
601678,2026-06-10 00:00:00,2026-06-12 00:00:00,回调反转买入,止损清仓,5.650000095367432,5.730000019073486,1.2537110098237234,True,2,31.511455850213196,12.869213104895438,21.308024878831535,0.6039608634810805,False,5.992413671648106,5.805245987433148,3.974973859074525,-0.19431008942827174,7.598553840961955,False,0.15003736714915386,5.214156718351553,0.7130117807674494,11.220475988620487,0.9500004371007978,0.0,0.0526310946253776,1.2852293789990954,4.749987085699299,-7.553958284466815,54.172,0.004,0.056,-0.104,-0.166,0.06200000000000001,38.69380695977279,27.338052576252053,61.40531572681428,True,6.367,5.661,4.955,0.49220969926871927,24.942589648472,-31.19261381614169,45.69,29.624170007481098,4.921,3.496,1.787
002185,2025-09-11 00:00:00,2025-09-16 00:00:00,回调反转买入,震荡市时间止损,11.069999694824219,11.229999542236328,1.2830825731105227,True,5,11.081390315169786,26.19047332830851,24.22968430042449,1.0809250753568287,False,4.607046418994072,1.9900478715691796,-0.135320234846671,-0.02709570200138882,7.4670310790418055,False,0.8361200516848312,1.1883009088411975,4.237286385257309,4.139224606268431,0.8301883057877264,0.0,0.20454599640637836,1.364863771383183,4.8889277426328,-3.4482767573136086,54.405,0.138,0.235,-0.193,-0.239,0.045999999999999985,25.322933994082113,29.00927080658604,17.95026036907425,False,11.922,11.073,10.224,0.49823303582109446,15.334597670008133,-58.79399783462449,65.217,47.531844655231595,2.358,-0.703,1.412
002185,2026-02-12 00:00:00,2026-03-03 00:00:00,影线后收阳,盈利锁定,14.25,14.109999656677246,-1.1408391017882997,False,19,13.661458784396855,16.11867868617485,20.04810740009191,0.8040000167846743,False,6.250626700265066,2.636129214216726,0.7209502834774721,1.8329935846584104,18.22619157602189,False,0.5212853452957023,1.279319893958463,2.59179012079943,1.640510233428447,0.4423064226240693,0.5652190138158658,0.6956570414475975,1.3712845758938774,0.9999958535988689,-3.4337821238533515,57.297,0.501,0.635,-0.268,-0.31,0.04199999999999998,35.16508058281464,35.07200236355726,35.351237021329396,True,15.413,13.994,12.574,0.5903487143360338,20.287265971130488,-16.580638914040357,58.844,42.27923322902885,2.629,-0.257,4.517
600157,2024-10-18 00:00:00,2024-11-14 00:00:00,影线后收阳,止盈清仓,1.2599999904632568,1.5700000524520874,24.40387441319485,True,27,58.65523618068426,40.90910519450133,11.818181128541315,3.461539872299336,True,6.235827846755024,0.1589823612703235,-3.2258070423135083,5.439330902890329,10.348854130059031,True,-0.4746830966242949,0.7999992370605469,-2.3255792462719835,2.439022026387315,0.42857142857142855,0.6666666666666666,0.6666666666666666,1.1922370056774105,1.5,-8.88888908511817,56.673,0.047,0.047,0.0,0.005,-0.005,28.773095440191746,44.168305522920626,-2.017324725266022,False,1.44,1.195,0.95,0.6326530417617487,41.004184100418406,-4.912279175405553,48.78,67.09505107515578,-0.264,-1.818,7.654
600157,2024-11-18 00:00:00,2024-11-25 00:00:00,影线后收阳,止损清仓,1.7100000381469727,1.5499999523162842,-9.501715693154003,False,7,58.23351856713551,40.000009536743164,14.66667652130127,2.7272715450326337,True,6.265664020625497,5.036857564625379,3.136311581160963,14.114117458659992,35.84006727589627,True,-0.6105000329026375,3.636367445806553,-2.840906397000803,7.547169952781877,0.9230769936149669,0.0,0.08333325054910777,1.483340369465905,5.999970197826825,-10.9195434585684,67.258,0.11,0.108,0.005,0.001,0.004,55.12455070160784,62.79459475121632,39.784462602390875,False,1.844,1.498,1.153,0.8060782028176159,46.128170894526036,48.61112898497737,24.528,73.78481529447498,3.636,5.992,17.391
600157,2026-02-24 00:00:00,2026-03-30 00:00:00,影线后收阳,止盈清仓,1.6799999475479126,1.8799999952316284,11.725771188756893,True,34,9.322300659933255,29.16669219180711,22.22222038257246,1.3125012572857382,False,3.061224200171785,1.9417457468649386,2.3142487293284284,1.2963494578974548,3.1518589617576436,False,0.4878044170967402,2.439022085483674,2.439022085483674,1.8181801105005106,0.49999900659028007,0.6666706403134413,0.3333333333333333,1.7241658380953517,1.0,0.0,55.173,0.002,0.003,-0.002,-0.008,0.006,52.754152067960355,41.56623577923763,75.12998464540581,True,1.723,1.658,1.594,0.6666662600613373,7.780458383594693,39.87162773642584,47.059,55.87185965169929,2.024,2.283,1.587
601288,2025-03-05 00:00:00,2025-03-07 00:00:00,影线后收阳,止损清仓,4.789999961853027,4.730000019073486,-1.4105568607317316,False,2,15.595407992125748,21.00835386269981,20.16807901228236,1.0416636036533635,False,1.7745310819186333,0.6725508519069733,0.2931320502772832,0.27213656616216764,2.019806949960069,False,0.16842089201273922,0.630246460686381,0.8421044600637336,1.698512166839145,0.5714285714285714,0.5,0.25,1.3892990609483833,2.666687859617891,-0.6329057894472109,53.275,0.015,0.027,-0.024,-0.032,0.008,26.011884009257038,26.85195843324086,24.331735161289387,False,4.928,4.777,4.626,0.5430462313014146,6.321959388737692,-48.191746817876876,62.963,50.0310975645182,0.701,-0.139,0.516
601288,2025-03-31 00:00:00,2025-04-07 00:00:00,影线后收阳,止损清仓,4.809999942779541,4.659999847412109,-3.2734690409001357,False,7,14.305998238223628,25.973969676909157,14.285714285714286,1.8181778773836408,False,1.1434525449374418,0.6276114564932714,0.817436404530723,1.305811728038887,1.3271532344390944,True,0.1676444292950948,0.6276094488371209,0.8385736271063432,1.05041410700626,0.5555514347475946,0.20000572207864042,0.6000076294381872,1.789310169214251,1.2499940395298381,0.21186926538888448,55.463,0.009,0.006,0.007,0.001,0.006,60.04682297240669,58.79674551842808,62.5469778803639,True,4.823,4.748,4.673,0.9133329518636043,3.1592249368155088,77.77764666117419,11.765,68.87501267276423,0.663,0.927,1.263
601288,2025-06-16 00:00:00,2025-06-27 00:00:00,影线后收阳,止盈清仓,5.260000228881836,5.510000228881836,4.585297208094745,True,11,14.742530871404256,13.265333926296726,11.224475893994494,1.181822122616359,False,1.3308016847036812,0.19047873014761868,0.5543927085390041,1.0955271954700379,4.434154180047155,True,0.15261517982435682,0.19048055013020831,0.7662919597304609,0.5736177762703767,0.2727288490465436,0.3333227370261464,2.3333227370261462,1.31687375531393,1.0,-0.19083497102031144,60.235,0.041,0.043,-0.004,-0.005,0.001,68.38231275096899,65.74923190036228,73.64847445218243,True,5.283,5.203,5.123,0.8562514305114725,3.0751489525273907,46.39383853684917,22.222,57.90520083876219,0.286,0.815,0.911
601288,2025-07-23 00:00:00,2025-09-12 00:00:00,影线后收阳,止盈清仓,6.0,6.989999771118164,16.313652094633447,True,51,57.349683652710695,35.13512538243641,7.02703538648308,4.999992664050178,True,2.202380271185012,1.2145753547099776,0.9761021927993123,3.555401611753205,10.670478662798564,True,0.27063573701256627,0.5025160948520995,1.3513500451867637,2.7397233430072485,0.6956514527983083,0.31250149011754047,0.125,1.4325073372089818,2.0,-1.8456398122541708,67.125,0.146,0.153,-0.012,-0.016,0.004,46.64160574921772,54.374233456020164,31.176350335612824,False,6.128,5.794,5.46,0.808383233532934,11.529168104936144,55.32653954007084,24.561,66.65939054775039,1.237,1.408,4.318
600744,2024-10-22 00:00:00,2024-11-14 00:00:00,影线后收阳,盈利锁定,3.3499999046325684,3.4200000762939453,1.926263118926528,True,23,42.12728205068718,40.83332844906451,16.666668322351015,2.4499994635583247,True,5.117271646287758,5.147516967792227,5.379046351938895,8.537174910010595,11.598465229794527,True,1.5296367664848791,7.71704236759623,7.71704236759623,6.34920010190691,0.7999992370605469,0.2500011920940324,0.0,3.0000852798727498,10.0,-1.8749981839210066,63.2,0.08,0.069,0.022,0.002,0.019999999999999997,45.79154334463401,37.212134406768406,62.950361220365195,True,3.486,3.087,2.687,0.8297871146840653,25.88273404599936,77.7777872250607,42.857,66.80473407747391,5.567,3.93,10.531
600744,2024-12-16 00:00:00,2024-12-20 00:00:00,影线后收阳,止损清仓,3.640000104904175,3.359999895095825,-7.839961239005532,False,4,30.400532065454666,26.623374612763442,12.337647057002151,2.1578972465137523,True,3.0219787957371245,0.9988918034670378,2.2759227113826217,4.283056738468065,9.221847365563352,True,0.3899731001416364,0.0,1.9607891588331914,2.2471956014182424,0.5333340750795523,0.7499977648303506,0.1249996274717251,1.6141261421101776,1.1428605488400925,-1.3888876011341837,59.632,0.06,0.05,0.021,0.018,0.0030000000000000027,75.16999853120711,73.64842840986364,78.21313877389406,True,3.676,3.491,3.305,0.9029652423293117,10.62732741334861,93.55434692407106,13.333,78.34223034056944,1.158,2.825,4.698
600744,2025-05-06 00:00:00,2025-05-15 00:00:00,影线后收阳,盈利锁定,4.860000133514404,4.940000057220459,1.483503953141809,True,9,65.20141670478118,42.315786377544725,13.263155950403512,3.190476424749973,True,6.981186994545793,5.240368162897976,18.190666425047517,27.075438964717137,43.82244673443144,True,4.574276513512608,4.291851773629635,26.233772828579514,14.893619659578853,0.8400001525878906,0.0,0.1904759742235503,1.798159976180928,3.3157890774207637,26.28571646554129,69.508,0.346,0.227,0.237,0.216,0.02099999999999999,78.72282344143761,74.58746740525793,86.99353551379699,True,4.826,3.824,2.823,1.0169746048499275,52.379707112970706,99.1220571658017,13.497,69.74325878519616,8.241,20.347,30.135
002498,2024-10-22 00:00:00,2024-11-01 00:00:00,影线后收阳,盈利锁定,3.2200000286102295,3.2799999713897705,1.7004197598332609,True,10,45.72558230892735,34.76394006587719,15.450646850982274,2.2499990065896225,True,5.168590017393027,2.0278829466928423,0.28028698914253786,3.3873817926702374,6.264783310865144,True,0.3178636458856358,4.207123561550844,1.5772855240665875,2.87539651369589,0.8999978542358577,0.0,0.11111376020896084,1.0970155501391616,1.2857142857142858,-3.0864168005624912,55.759,0.064,0.07,-0.012,-0.016,0.004,26.0244057335693,28.84430867020159,20.384599860304725,False,3.574,3.115,2.655,0.6147987253647765,29.502407704654892,-28.64688029278606,64.286,54.49010385914608,1.953,-1.353,5.2
002498,2025-08-15 00:00:00,2025-09-01 00:00:00,影线后收阳,止盈清仓,3.5199999809265137,3.5299999713897705,0.12368421660348557,True,17,9.142027181242868,16.455696202531644,18.9873417721519,0.8666666666666665,False,1.6030828954504528,0.5139915146677899,0.8595980317419155,0.28489967337707023,3.5700271039787874,False,0.1143509486312603,0.2849000139722797,0.5714280264718192,2.0289835442116844,0.875,0.0,0.14285714285714285,1.1502962605703433,1.0,-0.5763683216603277,55.775,0.019,0.024,-0.01,-0.014,0.004,60.354742943344334,56.44502213370986,68.17418456261329,True,3.618,3.51,3.402,0.5462962079931188,6.153846153846147,44.16403785488924,21.429,51.0798622067054,0.524,1.149,0.715
002498,2025-12-24 00:00:00,2025-12-31 00:00:00,影线后收阳,止损清仓,3.8499999046325684,3.7899999618530273,-1.7158993688449264,False,7,31.532256619904288,37.850489259465164,19.626173013911835,1.9285720773293493,True,3.9703152495269447,1.0498677809387533,-0.3107213928307358,3.106586121412435,3.5874410479995498,True,0.15772855833811736,0.26041642413474075,0.785339578901603,2.393614744616607,0.47368361613114524,0.7777804268756275,0.3333333333333333,1.0680219614489734,1.8,-2.331604057390195,55.461,0.04,0.034,0.012,0.012,0.0,41.59482931872425,49.02706264130428,26.730362673564187,False,4.046,3.734,3.422,0.6858972830650131,16.71130155329406,17.475736345585993,40.741,75.12389490133185,1.006,0.566,4.183
002498,2026-01-06 00:00:00,2026-01-27 00:00:00,影线后收阳,止盈清仓,3.880000114440918,5.619999885559082,44.61367054216194,True,21,24.49720591818233,17.361160091777904,26.38887923072924,0.6578968337374947,False,2.650957317281923,1.6238903060716343,1.570684765191808,1.5175336405061217,3.632481420754139,False,0.15739879472026178,1.8372748743484009,0.779226248090329,2.374674234663772,0.8181822122616359,0.0,0.22222163353537067,1.2327531425162448,4.500011920940324,-1.305481809720307,57.114,0.03,0.032,-0.006,-0.015,0.009,52.335478391968685,46.14128518738066,64.72386480114474,True,3.988,3.822,3.656,0.6746991398822829,8.686551543694398,61.15885462790487,32.0,50.877695949662254,1.482,1.615,2.408
002498,2026-02-12 00:00:00,2026-03-03 00:00:00,影线后收阳,止盈清仓,6.110000133514404,7.349999904632568,20.102181200872618,True,19,38.72869522031629,27.892236320782164,16.640247925078384,1.67619115089902,True,7.37666621666113,5.308515775732358,7.09903791563338,9.097403714281752,39.67310828090456,True,1.6824395918106787,4.444448429408414,8.525755050027247,8.525755050027247,0.74999962747117,0.0,0.33333399560713783,1.8348058458668286,4.000003973646774,-5.45144294826065,64.402,0.388,0.419,-0.063,-0.104,0.040999999999999995,74.31939844851068,65.57071974376797,91.8167558579961,True,6.483,5.601,4.718,0.7886686308863482,31.5122299589359,74.37262176898848,24.359,66.888733220407,5.831,7.224,14.724
002498,2026-04-29 00:00:00,2026-05-15 00:00:00,影线后收阳,盈利锁定,8.979999542236328,9.529999732971191,5.9549754058996225,True,16,50.01800745177808,30.343010172926476,8.179419641253569,3.7096776426397096,True,6.029270505561502,3.480060711624352,1.5837067631811061,7.525589509246713,13.11010293666525,True,0.13847095787683203,4.297327529765218,0.672639746964119,8.192763082831437,0.9855069058501735,0.0,0.014706232968833052,1.179070635234766,2.0606045718579313,-9.232479920328412,55.912,0.153,0.15,0.006,-0.038,0.044,50.16055677054483,56.24816815444436,37.98533400274579,False,9.508,8.351,7.195,0.7717248345163549,27.69728176266314,37.18838432208628,24.615,69.44651454709374,3.001,3.07,6.878
001301,2024-08-15 00:00:00,2024-08-19 00:00:00,影线后收阳,止损清仓,26.5,25.760000228881836,-2.947937397707887,False,4,30.682884274588876,17.206339226050186,19.111107935561424,0.9003318532900494,False,4.245284047088211,4.925563256912918,4.9047952818622775,0.6227229739899405,0.0,False,1.267040848601593,7.5487039627645895,6.340288598991968,3.71820270570289,0.4077256626808809,0.2000004015467581,1.25262912739874,3.4556910685880746,2.7142849357769165,0.07977845236193215,53.778,-0.807,-0.867,0.118,-0.14,0.258,44.45053171357484,24.85714766124372,83.6372998182371,True,28.829,26.336,23.843,0.5328920978740472,18.93226002430134,10.653116557349165,41.047,43.5570765411124,5.159,3.783,-0.418
001301,2024-09-11 00:00:00,2024-09-23 00:00:00,影线后收阳,止损清仓,28.3799991607666,27.209999084472656,-4.2759797527556636,False,12,44.57001628758164,28.857130743531446,9.94285691864634,2.9022976976983563,True,4.404509868657257,1.713135668432448,2.9902715044612473,6.776022660785702,0.0,False,-0.4424468953882431,2.5288975717963775,-2.1379339283910292,3.994130482491393,0.8074058794358205,0.21101084390688624,0.027523610039319444,1.1075191279091194,3.4062477648236893,-2.709441505185745,61.498,0.444,0.184,0.519,0.509,0.010000000000000009,62.83597325958983,65.89532702722987,56.717265724309755,False,29.063,26.579,24.095,0.8625199598966592,18.691448135746267,69.6250680337897,23.848,65.88727822209196,1.05,4.128,7.881
001301,2024-10-18 00:00:00,2024-10-24 00:00:00,多头排列形成,盈利锁定,38.459999084472656,37.7599983215332,-1.9771155980019612,False,6,34.81224974980143,47.5824122560762,19.450542166417726,2.44632832591317,True,6.760271209367316,7.851932835226151,8.533691777370315,19.552375216896063,35.39551689270661,True,3.5423916649795486,10.899650363419209,18.850427562012406,10.358682262302755,0.9450264132855332,0.0,0.05817148170847687,1.3758329083490952,60.16912512716175,3.0446311662666665,68.93,2.288,1.949,0.678,0.377,0.30100000000000005,58.122155859410604,56.92846742174789,60.50953273473603,True,39.615,32.17,24.725,0.922431100367539,46.28535903015232,94.57971726344756,13.73,62.93019039451215,9.541,10.507,22.369
001301,2024-11-27 00:00:00,2024-12-05 00:00:00,影线后收阳,止损清仓,53.11000061035156,47.2599983215332,-11.15721246476896,False,8,30.0574367157696,16.05298198604595,10.709476354399616,1.4989511582843302,True,5.990262338134713,4.186286061409141,6.610195740904276,6.733389377339696,39.12550137196113,True,1.042616891134956,6.368917055356277,5.209986315302415,6.411542321624304,0.9090910076109703,0.0,0.09999988079073888,1.051186893836881,3.678150184595687,-2.2018727101224016,63.542,2.994,3.385,-0.781,-1.097,0.31599999999999995,74.04075602032458,61.29789372920809,99.52648060255756,True,55.517,49.759,44.002,0.7909683552194147,23.141542233565787,77.73526708672127,21.225,55.624456787178445,4.356,6.162,9.372
001301,2025-08-11 00:00:00,2025-08-14 00:00:00,影线后收阳,震荡市时间止损,38.349998474121094,37.189998626708984,-3.1798853921524386,False,3,11.567117993292223,23.834762212766876,21.00295228231363,1.134829136989369,False,3.1570134572634667,4.291304108594518,4.973580822567881,4.4916375041776035,10.345418278342896,False,1.2444924521195107,4.867374334566374,6.2621177943418385,5.357134248623093,0.6132065286498132,0.6256426307758519,0.005129308658398216,2.6378244919072706,11.47069383358765,2.4198103213211515,62.314,0.481,0.5,-0.038,-0.302,0.264,56.782720591154416,47.598048116817,75.15206553982924,True,39.034,36.702,34.369,0.853375878696912,12.710478992970408,87.21752241677711,24.4,53.718414238951944,4.615,4.385,5.39
001301,2025-08-15 00:00:00,2025-08-27 00:00:00,影线后收阳,盈利锁定,38.810001373291016,38.369998931884766,-1.2918732540072861,False,12,6.451405082642435,27.442100508532878,20.609830199688922,1.3315054147776084,False,3.259469627213507,1.9009644254991371,4.3195470867583765,4.249492593930486,11.018411353524337,False,1.2817784499226679,1.1730989462445918,6.620878424136049,4.552808432207679,0.9135155866596834,0.0473360359709632,0.0473360359709632,1.3713434569401985,3.448972760040794,1.335144015213054,61.929,0.651,0.559,0.184,0.041,0.143,65.84480865655635,59.899563060241924,77.73529984918521,True,39.357,37.228,35.099,0.8715362548828127,11.437627592134959,99.85045292828983,15.2,57.538169401818585,2.658,5.11,5.116
001301,2026-05-20 00:00:00,2026-05-29 00:00:00,多头排列形成,盈利锁定,61.84000015258789,61.939998626708984,0.00149449967454478,True,9,11.524994241924967,26.448012341909436,23.633397160086602,1.1190948200445898,False,4.96557867572954,8.179973792274348,8.487421674548765,9.723208145372267,12.592628376250511,True,2.4114083408781357,9.373893086735041,12.21193879096456,9.084497531549648,0.7767723523674998,0.058252261781485314,0.22912620496251226,2.959415410491495,2.4292472266956966,1.7972681721237498,64.248,0.996,0.835,0.322,-0.4,0.722,55.77257834272507,44.891361610445394,77.53501180728442,True,62.271,56.36,50.449,0.9635425606993647,20.975869410929743,87.39097450931261,3.233,56.52204605502807,8.832,7.217,10.848
001301,2026-06-12 00:00:00,2026-06-18 00:00:00,影线后收阳,盈利锁定,63.31999969482422,62.790000915527344,-0.9956295856581627,False,6,13.055283666967668,22.014251565340526,21.981121762609135,1.0015071934494146,False,6.810078939034263,1.898938391963279,-1.0161018925973104,0.5630067408191972,10.51832310301827,False,0.2452082096214234,-0.612147850027968,1.2148310499521058,7.194853600739718,0.7142860806433827,0.18117568072150736,0.21882360121783087,1.2479648989883771,1.6865076301500297,-8.831733315901023,53.514,1.244,1.894,-1.3,-1.526,0.22599999999999998,36.22444172276979,42.848068536159516,22.97718809599033,False,69.531,62.965,56.4,0.5269971589996357,20.85444294449298,-80.03657301429088,54.624,63.57210820502703,1.784,-0.966,2.491
001301,2026-06-22 00:00:00,2026-06-25 00:00:00,影线后收阳,震荡市时间止损,66.12999725341797,63.7400016784668,-3.768258120535349,False,3,1.6858497381420081,21.50574941353213,23.53140267402303,0.9139170202239122,False,6.398652040805848,1.2679501711350367,3.7805391447590075,2.8020633362618628,13.802711821996663,False,0.8680869690626803,-0.7950890782693888,4.437772539697974,4.553355341372282,0.6025100395196353,0.003472967280992458,0.656250413921539,1.1238101795238709,0.9632104719255942,6.713121605533723,56.477,1.432,1.589,-0.314,-0.557,0.24300000000000005,65.23153851686192,58.24043130320677,79.21375294417221,True,68.896,64.327,59.759,0.6972745160794537,14.203988993735136,12.952981043992345,30.337,61.10243063316588,1.783,3.827,3.655
600004,2024-07-31 00:00:00,2024-08-05 00:00:00,影线后收阳,震荡市时间止损,9.109999656677246,9.069999694824219,-0.5983272351786355,False,5,12.095832075118295,21.658997719092383,23.502313868709376,0.9215687374479686,False,1.701427127233304,1.425068889219785,0.975390445705439,0.6462986036222954,0.0,False,0.37997335083512185,1.3348152237400626,1.901566938179393,2.47468284430082,0.7857125827228109,0.09091145539824697,0.18181857589970782,2.024409150855079,22.00152598950882,-1.2222184075249565,50.227,0.008,0.026,-0.035,-0.061,0.025999999999999995,41.19862875007138,31.91409372725096,59.767698795712214,True,9.345,9.051,8.758,0.5996586996205214,6.48547121864989,-24.273485714163794,51.724,40.729634133837635,1.504,0.719,0.0
600004,2024-12-06 00:00:00,2024-12-10 00:00:00,影线后收阳,止损清仓,9.420000076293945,9.420000076293945,-0.15995201439567133,False,4,32.385945660407096,14.545448240166529,20.909103519666942,0.6956514527983082,False,1.6681823155692381,0.5765544697918951,1.453959443687312,0.6517796873138354,3.4577441691001236,False,0.29985081298133076,0.1062723596598798,1.5086244326639628,1.5086244326639628,0.9333320617724288,0.07143003113057812,0.0,1.2052106685979296,3.5000119209403238,0.5411276187598063,55.819,0.023,0.029,-0.012,-0.029,0.017,71.95894377296398,60.41584165722193,95.04514800444807,True,9.613,9.359,9.105,0.6200788903424123,5.427930334437431,61.366058112769934,16.279,46.5615582899887,0.731,1.436,0.364
600004,2024-12-27 00:00:00,2024-12-31 00:00:00,影线后收阳,止损清仓,9.420000076293945,9.15999984741211,-2.9156245321864867,False,4,11.049167457660152,18.579253767667087,16.393358045498108,1.1333403269850049,False,1.3876243215122168,1.1380732018866824,0.8997451495353344,0.45857069440971,0.9069493489101635,False,0.2799313428414225,1.0729655015467532,1.3993553818593079,1.7278600805329538,0.8421020930582743,0.06250149011754047,0.12500298023508094,1.7155922178031973,1.7777730682829653,-0.6437711148821496,54.431,0.001,0.011,-0.02,-0.04,0.02,39.94510609418119,30.93724698066099,57.96082432122159,True,9.54,9.377,9.214,0.6319020745213059,3.4765916604457576,-16.78352385210958,52.381,46.48169596152854,1.182,0.569,0.726
600004,2025-05-26 00:00:00,2025-06-06 00:00:00,影线后收阳,止损清仓,9.039999961853027,9.0,-0.601721718785144,False,11,78.68148635270015,32.92685905286259,8.536541398155222,3.85716621253406,True,1.2958290960157588,1.0281628084493755,1.2885149787453964,3.521327595022487,4.823747130365341,True,-0.13392950750278784,0.7803756158349057,-0.6593452428735904,1.9165736018860173,0.8095240257764497,0.05882484937562409,0.1764689382804699,1.5192410594674508,2.42858310626703,-1.2290464695135888,64.823,0.122,0.099,0.047,0.044,0.0030000000000000027,63.560690917439196,69.83582910398346,51.01041454435068,False,9.191,8.733,8.274,0.8353325647252201,10.500400778655692,68.1021316100343,18.519,66.01050408845364,0.743,1.754,4.197
301035,2024-10-25 00:00:00,2024-10-29 00:00:00,影线后收阳,盈利锁定,35.0099983215332,34.97999954223633,-0.24550127769477062,False,4,37.27234285251012,30.651701762789614,23.947612924007363,1.2799481042246776,True,6.543029552176437,1.0506239825748647,2.789191069809345,3.514032503512747,17.42082814584063,True,0.16768654049550344,1.8028465917082521,0.8352450767114498,1.7732464203392553,0.7922031597564541,0.16393903956674818,0.0983634237400489,1.0723446059992956,3.588255093797684,5.000004623875474,59.536,1.347,1.47,-0.247,-0.264,0.017000000000000015,56.996619713136695,44.34769972162388,82.29445969616233,True,40.141,33.821,27.502,0.5940342053590636,37.37027290736525,-7.98479742572305,81.012,59.02452558177017,1.015,2.759,6.643
301035,2025-09-24 00:00:00,2025-10-20 00:00:00,回调反转买入,盈利锁定,58.130001068115234,58.470001220703125,0.42400860706913274,True,26,16.628537724166573,15.972971150110322,19.815013624211158,0.806104474770262,False,3.454080297749439,1.0218658090220414,0.015487588325996181,-0.6664368048641878,12.390038367448922,False,-0.15269777408603497,-0.6494569549117896,-0.7512354942830343,4.965691489636498,0.9417814124839966,0.06181751598011364,0.0,1.2429512174649564,3.3132457027300304,-4.55553993488785,56.967,1.175,1.751,-1.152,-1.317,0.16500000000000004,44.837738294591986,45.05656695268215,44.400080978411665,False,60.607,58.52,56.433,0.4065647024713068,7.132604237867395,-88.09270735749809,42.986,51.227461702829466,0.722,-0.277,0.261
300199,2024-09-19 00:00:00,2024-09-23 00:00:00,影线后收阳,止损清仓,9.210000038146973,9.079999923706055,-1.5692047407970366,False,4,38.66866280898194,35.54983350943382,13.299244963087192,2.673071562190515,True,3.0324180480977585,1.0089953935165838,0.19582382568343937,0.6007653405688966,0.0,False,0.13178216829643807,-0.21667936166018278,0.6557423182312311,1.543554002572292,0.5000017029914748,0.9285699688694219,0.0714232191878802,1.3889680851687032,1.7499850990022292,-2.4972909333116573,49.94,-0.092,-0.1,0.017,-0.001,0.018000000000000002,29.880326364787226,32.999268701405995,23.642441691549692,False,9.386,9.155,8.924,0.6190477016168254,5.046422719825229,-1.7977392250826232,54.545,61.526028840432076,0.95,0.199,0.077
300199,2024-09-24 00:00:00,2024-10-09 00:00:00,影线后收阳,止盈清仓,9.289999961853027,11.210000038146973,20.474375276959403,True,15,32.75746421372792,29.28175412852738,16.850872467131826,1.7376995871069816,True,2.7833306938518163,1.7301795104973101,1.6189023300312657,1.303091629539478,0.0,False,0.5726877336265777,0.8686202320814589,2.879293871211296,2.6519311166851587,0.9230752301654257,0.0,0.08333532015672063,1.5583099297701009,3.0,-1.625131375617925,52.501,-0.072,-0.092,0.039,0.013,0.026000000000000002,47.014128439622105,36.759329308358204,67.5237267021499,True,9.397,9.17,8.944,0.7637968252826203,4.940021810250812,6.30088746745335,45.333,53.48731022141512,1.92,1.198,1.452
300199,2024-10-21 00:00:00,2024-10-31 00:00:00,多头排列形成,止损清仓,12.220000267028809,12.0,-1.9574018292100173,False,10,49.431142536232805,51.30693618921867,15.60866392083492,3.2870805886679775,True,7.82674775001599,5.145415063478502,5.645372689277313,15.321099461346574,25.012790455537683,True,2.234342812023816,11.496352413287642,11.598177898497175,4.000002272585605,0.8867934034494237,0.12765836564664154,0.0,1.311495520173383,0.9215687374479686,11.688314101048254,65.212,0.637,0.514,0.247,0.219,0.027999999999999997,48.666615136492375,43.6214802611828,58.756884887111525,True,13.126,10.596,8.067,0.8209132767402271,47.74443186107965,75.96111370598742,41.104,75.00631552709322,6.169,6.207,17.944
300199,2024-11-07 00:00:00,2024-11-14 00:00:00,影线后收阳,盈利锁定,11.949999809265137,12.069999694824219,0.8426249331952962,True,7,40.619787204756676,20.99292779495218,12.198589887724806,1.7209306967583966,True,4.213987031237571,2.8045392008872287,1.4345103978103295,2.254736107060907,16.045704001055793,False,-0.08595528597138502,3.373697019825618,-0.41666825612386066,5.101142740051444,0.637362660395471,0.310345394574579,0.2586200659679631,1.3799131689567348,5.272743035988313,-3.114477121168736,58.152,0.335,0.436,-0.203,-0.249,0.045999999999999985,33.6338356780898,31.031753002961636,38.83800102834613,True,12.529,11.687,10.844,0.6563797087626926,14.417729100710197,-44.0042703046324,55.488,60.85327092280112,2.253,1.257,1.879
300199,2024-11-19 00:00:00,2024-11-26 00:00:00,影线后收阳,止损清仓,12.5,11.579999923706055,-7.508180155511453,False,7,30.769062497562924,25.442490642861944,19.46902916270665,1.30681866210348,True,5.165714263916016,4.045279382833179,3.4682555796953305,4.615641596415276,17.621228040031394,True,-0.6779097950566928,3.5625543997335085,-3.1758315434395334,8.695652173913043,1.0,0.0,0.0,1.2160621353034096,3.125002980235081,-9.098159728197485,58.053,0.278,0.346,-0.135,-0.225,0.09,37.62690625046703,40.580153885201256,31.72041098099858,False,12.744,11.949,11.153,0.8466373350094281,13.314921750774117,35.078287914601404,45.299,61.611475506533516,2.768,4.131,4.453
300199,2025-07-16 00:00:00,2025-07-24 00:00:00,影线后收阳,止损清仓,19.43000030517578,18.690000534057617,-3.9624024259941297,False,8,37.07108797376847,26.991152229623545,10.74591374383887,2.5117596207301425,True,5.815748989053353,4.093005041568156,4.417456540961961,10.649204831946264,23.341587876033387,True,0.7230736859456967,4.970286682430372,3.571428934539409,7.0523455291904735,0.8000002384185223,0.0390618829991253,0.2109377444720447,1.3762776481445473,2.9090889386918204,-0.9761404553287896,65.586,0.824,0.771,0.106,0.036,0.07,60.864196514808356,59.83587134380639,62.92084685681229,True,19.811,17.56,15.309,0.9153710140328257,25.637813211845106,75.7920478435863,13.835,71.36866886614837,4.006,5.588,10.786
300199,2025-10-27 00:00:00,2025-10-30 00:00:00,影线后收阳,止损清仓,21.790000915527344,20.010000228881836,-8.315773331615448,False,3,21.812624632364095,23.752633327779726,16.584687298651037,1.4322026638218084,False,4.664655161935681,1.7653681861592128,2.113505683736268,0.3708095014875828,-8.807462811900384,False,0.5163845115268768,0.7397215023982066,2.5894592765347535,3.1723487200309437,0.7701159757086795,0.29850572062185254,0.0,1.3920707040975726,2.6800003051757812,-1.9681353012690215,46.505,-0.688,-0.793,0.211,0.104,0.107,54.78218642500573,51.769181676213506,60.80819592259019,True,23.582,21.71,19.837,0.5214955715693841,17.250115154306776,72.93820903153754,27.174,51.92635032894271,1.902,2.369,-1.607
002518,2024-09-24 00:00:00,2024-10-10 00:00:00,影线后收阳,止盈清仓,15.25,18.34000015258789,20.06993411740101,True,16,15.632989809694402,23.80282953887285,29.577463086080005,0.8047623783554019,False,3.3255262173869293,1.9112540911634182,0.28276471758974014,0.3256471071256923,0.0,False,0.16064241749059946,0.593668558665943,0.7931254768765497,4.237866580377502,0.8051941778836865,0.0,0.24193645143874104,2.050067198218408,4.133343082028915,-6.887754481417704,48.752,-0.193,-0.185,-0.015,-0.068,0.053000000000000005,27.073988016241113,30.573698792656643,20.07456646341005,False,16.059,15.201,14.342,0.5288293535235872,11.295309519110589,-81.00002076890678,54.167,66.45182789200264,1.723,-0.104,0.957
002518,2024-10-18 00:00:00,2024-11-18 00:00:00,影线后收阳,盈利锁定,17.280000686645508,18.420000076293945,6.426714029779957,True,31,35.36576466618053,45.0605534581271,18.80178994158638,2.396609769501827,True,6.485614648197237,0.8756612002774599,-4.31893226664877,3.090327810527127,6.301396542388028,True,-0.20971502037415565,0.875665693098571,-1.030918712860774,4.159135188133095,0.5798321213393749,0.7101440461743869,0.014493074118404795,1.432698642505857,2.0909111926711557,-8.942199432953785,53.495,0.458,0.532,-0.148,-0.119,-0.028999999999999998,20.244415981626346,34.030749962475674,-7.328251980072309,False,20.109,16.762,13.415,0.5773828333799682,39.935568547905994,-14.935931401392573,58.944,57.005873651107834,0.553,-3.184,4.456
002518,2025-01-20 00:00:00,2025-02-05 00:00:00,多头排列形成,止损清仓,24.06999969482422,22.139999389648438,-8.16540799794584,False,16,20.621634540843402,24.54659444967202,20.87726127594137,1.175757400610737,False,7.036026260440609,3.8753666678590997,4.524925405671885,8.04380879645851,20.10278716349784,True,2.340782298348884,4.7888568321819625,12.371613487822042,5.017450325926102,0.709875939986837,0.008695854086122624,0.4000009951387472,1.42627369532111,114.99732977303071,5.601847514367147,62.481,0.968,0.963,0.01,-0.107,0.11699999999999999,48.09683088853596,47.32466160544839,49.64116945471109,True,25.199,22.278,19.357,0.8067442134242071,26.22317981865519,82.43045255401974,31.627,63.06168302169932,5.201,5.052,11.233
002518,2025-11-03 00:00:00,2025-11-12 00:00:00,多头排列形成,盈利锁定,44.16999816894531,47.63999938964844,7.683496089450549,True,9,5.0260959349423855,17.293240072860034,19.96369657952072,0.8662343671662436,False,6.23726470439457,2.188595195363007,7.417310522841452,7.83559336020929,23.566844380483495,True,1.2082036177278135,0.3179636464452184,6.203409490001851,5.367366646658919,0.8364316537784666,0.16888936360677084,0.026665581597222224,1.034125696391855,6.08109863598404,10.116428701287601,62.088,1.571,1.407,0.327,0.156,0.171,76.2467998628539,66.54751268074959,95.64537422706255,True,45.166,40.96,36.755,0.8815834227731917,20.534667968749986,77.2573737120211,12.704,62.24072589391778,2.837,8.512,8.922
002518,2026-01-07 00:00:00,2026-01-13 00:00:00,影线后收阳,盈利锁定,49.84000015258789,50.63999938964844,1.4426154409020653,True,6,32.190516828541824,31.02938109442107,8.217160074610103,3.776168507450354,True,4.831173349944164,2.555660332349792,0.9356399121072954,3.89718797354819,10.052038428371388,True,0.22272671224090193,3.6821312024144883,1.0953365596026339,5.01475160983282,0.7507885106685103,0.23529458906272288,0.09663841975435283,1.7833210734936233,3.0909239534307655,-3.2760341898697845,57.58,1.024,1.094,-0.141,-0.273,0.13200000000000003,39.22912933807959,47.39382321995226,22.899741574334243,False,51.817,47.97,44.124,0.7430131486530469,16.037106524911398,33.41491887433361,35.982,60.149018914854445,2.309,1.699,4.849
002518,2026-01-14 00:00:00,2026-02-05 00:00:00,影线后收阳,盈利锁定,51.45000076293945,50.810001373291016,-1.401887268540215,False,22,57.98476565198053,24.16571326666392,7.853865042457166,3.076919852330875,True,4.825766736927074,0.046671552351411176,2.875311670843285,4.736025116935882,11.454909288687682,True,0.6300879115150152,-3.143821917403903,3.230338293383743,0.8823544371361826,0.15679474927327997,3.6888822955961516,1.6888822955961513,1.0269755676357015,0.3125,5.874968536524908,58.504,1.409,1.267,0.283,0.323,-0.040000000000000036,59.06939276091917,56.44913946855906,64.30989934563938,True,53.711,49.123,44.536,0.7535695654429923,18.677605195122442,85.42087455309927,38.573,59.110518898981596,0.564,3.094,5.603
002518,2026-02-26 00:00:00,2026-03-03 00:00:00,影线后收阳,震荡市时间止损,56.560001373291016,55.970001220703125,-1.2014237632578735,False,5,35.305582637752885,15.453638457086422,21.211358249742638,0.7285548749464889,False,5.066680842992962,2.8962329753485223,6.391786401808999,3.278586535076735,11.87188564801976,False,2.338398365759586,4.701963891157833,12.490061150478734,2.742964863138292,0.44542793773609746,0.11920533147398683,1.1258267270954279,1.1723276018230064,2.475410861245216,4.879938976662386,57.251,0.607,0.673,-0.132,-0.536,0.404,72.74051050649821,57.296546374353966,103.62843877078672,True,59.23,54.764,50.299,0.7010414705286102,16.308158644364905,72.85221697599111,10.633,52.40059782934396,4.38,5.257,2.914
002518,2026-06-30 00:00:00,2026-07-02 00:00:00,影线后收阳,止损清仓,53.59000015258789,49.06999969482422,-8.58087124024282,False,2,20.076953895422772,36.71282154773964,19.60696353437559,1.8724378960247199,False,5.968597881599863,4.21204025383879,4.309405033009507,6.9361859317886365,5.870732302878815,False,1.6565842559047201,-1.5432668526147602,8.481778334589713,9.995892466881351,0.8711983540161801,0.0,0.14784422558886953,1.0109391051445398,2.5233151097565316,-6.361709852491526,54.546,-0.208,-0.504,0.592,0.192,0.39999999999999997,53.61696364554934,57.7746780066667,45.301534923314634,False,54.953,50.114,45.275,0.8591651325261302,19.31196871133816,57.01952945927173,26.388,56.757303056806826,4.9,5.754,5.408
300821,2024-09-24 00:00:00,2024-10-09 00:00:00,影线后收阳,止盈清仓,6.420000076293945,8.529999732971191,32.653515971398086,True,15,21.601273788593833,16.460930060150165,24.691355844365834,0.6666677263049644,False,2.703604583289954,3.5149956289671143,3.5316900816832595,2.3352209616535724,0.0,False,0.9440102842846669,3.3816431055874103,4.730831263279292,4.2207830409454505,0.9285715502134696,0.0,0.0769229358471188,2.6607408632718488,5.2000343324718425,-1.446940173416941,55.133,-0.061,-0.075,0.028,-0.011,0.039,59.25991756606165,42.931126056128655,91.91750058592764,True,6.514,6.273,6.033,0.8045739631890749,7.667782560178542,51.81483248490883,19.298,60.94427672837456,3.716,3.202,2.576
300821,2024-10-18 00:00:00,2024-11-26 00:00:00,影线后收阳,止盈清仓,7.929999828338623,8.300000190734863,4.498415543737151,True,39,50.504476995100966,49.29937426200328,15.031846955783097,3.2796618011758483,True,7.070797262554354,2.0066870553910605,-2.0745884604736387,9.659127733718838,18.12900108720364,True,0.38739570634250053,2.987013308711196,1.9280156103487882,4.7556096236948635,0.6,0.6111111111111112,0.05555555555555555,1.2434477508333246,2.5714285714285716,-8.423589058429707,60.147,0.398,0.381,0.034,0.053,-0.018999999999999996,27.747824689030963,41.56118338340478,0.12110730028332739,False,9.146,7.232,5.317,0.6824235644655582,52.94524336283186,18.84072784820574,50.689,51.06100193802406,1.994,0.39,12.303
300821,2025-07-29 00:00:00,2025-08-14 00:00:00,影线后收阳,盈利锁定,10.270000457763672,10.270000457763672,-0.15995201439567314,False,16,39.294411978159545,28.657322059462647,17.735466786331457,1.6158200065841262,True,6.941159477951618,1.5825937216574353,2.5769104459921905,4.142375223070603,24.341671952484994,True,0.019786760389155486,-0.7729460942753559,0.09746811558235015,4.58249263670174,0.523256329731552,0.15555461365659307,0.755554613656593,1.0333014873620598,15.000158947134183,3.361341170559033,61.815,0.506,0.566,-0.121,-0.138,0.017000000000000015,52.86644111107605,50.01326637119888,58.57279059083038,True,10.878,9.862,8.845,0.7009348046058395,20.614479821537206,-13.598726951969557,54.959,47.331367311854365,1.332,2.512,8.053
300821,2026-06-03 00:00:00,2026-06-12 00:00:00,影线后收阳,盈利锁定,16.43000030517578,16.520000457763672,0.38695117405138657,True,9,25.30628771795186,25.587914156907967,16.125423466714626,1.5868057176746637,False,7.764540676426976,2.4186528946631274,4.696363812344486,6.219293858668462,17.71168164129997,True,0.1998748869842238,4.3837391619517145,0.9834040744341904,10.938553947731823,0.6612244945623044,0.4012343607703099,0.11111130734040818,1.1239007723234513,2.7931036183723736,-6.649934089376516,57.131,0.438,0.466,-0.056,-0.149,0.093,48.45304735367715,50.65434696253052,44.0504481359704,False,16.824,15.468,14.112,0.8547198765397418,17.532971295577976,59.621784911542704,38.261,62.20817847966162,2.177,5.197,6.363
603833,2024-10-16 00:00:00,2024-11-11 00:00:00,影线后收阳,止盈清仓,54.75,65.20999908447266,18.91451027826418,True,26,73.15163130788284,48.45259890088989,8.039954443504218,6.026476796772968,True,7.967383676467965,4.636496107957481,4.184506812182893,19.757205271036778,29.06901431054876,True,1.8729805766979764,8.33003365296581,9.63156088418177,5.471007823032145,0.5623763528013856,0.6478873428620168,0.1302813070441605,1.2886106467465588,2.3666652891379742,-6.621451303410529,66.309,3.689,2.881,1.615,1.707,-0.09200000000000008,48.43176358008772,55.70436763641991,33.88655546742335,False,60.494,45.717,30.941,0.805637329543532,64.64334930113525,67.66098365946517,36.059,78.50836676896384,5.437,7.469,23.565
002461,2024-07-31 00:00:00,2024-08-22 00:00:00,影线后收阳,止损清仓,7.880000114440918,8.119999885559082,2.880858685728487,True,22,43.64321783006886,30.742078643800262,13.780921347606554,2.230770923682798,True,2.5652632814490826,2.6308940345125813,1.9932706587692306,4.773302891159872,0.0,False,0.6818783847403307,3.006536159558562,3.412076545756531,3.5479628934227616,0.9642865657814517,0.03703612130031736,0.0,1.4223224541389303,26.99938012588213,-0.7792200553998094,69.032,0.189,0.197,-0.016,-0.035,0.019000000000000003,49.5224529714269,46.462010637400994,55.643337639478716,True,8.348,7.521,6.694,0.7170496459739525,21.991756415370308,21.08710229775484,25.758,59.8804474409524,2.76,1.437,0.0
002461,2024-10-10 00:00:00,2024-10-17 00:00:00,影线后收阳,止损清仓,8.890000343322754,8.75,-1.7322400296423215,False,7,38.20565773406911,37.806855558647754,13.747937543245062,2.750001986823387,True,4.909208844660007,-0.4479236363386231,4.612855272934988,6.754733532885932,9.350339951248364,True,0.9039561148596239,-3.7878726890169125,4.711432072888129,3.372092430110646,0.4833337306980108,1.0344802638718524,0.03448355240441058,1.0620601181670641,0.5686271209894274,8.301885072285515,59.713,0.195,0.106,0.18,0.191,-0.01100000000000001,54.889932597052486,58.18511863981909,48.29956051151929,False,9.151,8.327,7.504,0.8415302630982113,19.779032064368923,79.55747049417586,53.138,73.98588992068127,0.376,5.77,6.84
002461,2024-12-24 00:00:00,2025-01-07 00:00:00,影线后收阳,止损清仓,9.5,9.1899995803833,-3.4178948322997433,False,14,39.30784868418817,36.88764529454946,13.54468268602086,2.72340416897476,True,2.6090213230678017,2.591792233956116,2.8583795714619673,5.867275710315861,7.599954934954872,True,0.7397740476625208,4.510449290755885,3.7117921206510474,2.925248874912227,0.7714290385338499,0.07407564390567824,0.22221986747481598,1.405449567320238,3.0,0.5446539803746714,66.214,0.173,0.128,0.091,0.071,0.020000000000000004,75.22789309872131,68.98814286553181,87.70739356510029,True,9.55,8.974,8.397,0.9566348655680826,12.848228214842885,89.63890316750842,3.158,74.06049219322966,2.777,3.91,6.807
002461,2026-06-12 00:00:00,2026-06-16 00:00:00,影线后收阳,止损清仓,9.390000343322754,8.899999618530273,-5.369930085488135,False,4,15.305605415389438,21.63460039528567,21.153850856380966,1.0227263367870294,False,4.746692111909448,3.3458098200030575,0.8918048554267314,0.4654188829892653,-1.2946932081819371,False,0.397790729670223,6.947615363367849,1.9544006995682577,5.387211045239913,0.7868865017486645,0.10416496959172847,0.16666633553009336,1.3037588626361767,2.086962831506145,-2.297593328871028,49.832,-0.125,-0.101,-0.048,-0.104,0.055999999999999994,38.01179311341986,34.84115802242502,44.353063295409555,True,9.911,9.346,8.782,0.538529976370907,12.080034239246732,-29.496037767862216,44.604,61.901594278229595,3.111,0.428,-0.04
002402,2024-10-18 00:00:00,2024-11-19 00:00:00,影线后收阳,止盈清仓,10.75,18.90999984741211,75.62560857426934,True,32,46.518338754970266,45.04506004175118,15.54055403757606,2.898549172238977,True,5.900331668283457,2.9890791955535128,-0.1671613601277033,8.657199757711686,13.428531354163049,True,0.7723491384917963,3.664417730323156,3.8647304713767796,6.4356395443589784,0.7065212658988897,0.4153855634164449,0.0,1.7019241119802693,3.823525451873128,-7.0383869618245205,59.433,0.386,0.367,0.038,0.027,0.011,29.719319612482934,41.94677079526565,5.264417246917503,False,11.913,9.893,7.874,0.7120574399603862,40.82684726574346,26.39145651785007,42.735,70.81928098445275,3.134,1.288,10.582
002402,2025-07-15 00:00:00,2025-09-03 00:00:00,多头排列形成,止盈清仓,22.440000534057617,36.09000015258789,60.571624834239856,True,50,47.64300659039434,38.3751136661121,13.48314180717084,2.8461551628643984,True,3.6828365862826735,3.3339498518379447,2.5219326576089576,4.3551080033563405,13.20279064491465,True,0.6675331256823721,4.615383384175214,3.3149228520483147,3.8408139762313125,0.8469390932693918,0.15662550929660193,0.024096939279665594,2.0319957410320533,20.750512612655573,-0.23042001221757835,65.232,0.635,0.698,-0.125,-0.202,0.07700000000000001,40.04491555956354,33.495637845498486,53.14347098769365,True,23.611,21.503,19.396,0.7221828076056029,19.601916011719293,12.388876295550153,47.429,62.61041879196756,3.331,1.627,7.012
600339,2024-10-31 00:00:00,2024-11-12 00:00:00,影线后收阳,盈利锁定,3.509999990463257,3.549999952316284,0.97782522824799,True,12,17.326434167644685,15.950903913516372,18.404918384791763,0.8666652891379742,False,3.3170535589533214,1.1527366433206554,2.1536656713893882,1.5478073323234678,9.493604554262411,False,0.6380504264138327,-1.1267595039523421,3.235290941482686,3.539819523470902,0.9230769230769231,0.08333333333333333,0.0,1.2027221699179196,4.0,-0.5813947847045612,58.24,0.081,0.088,-0.013,-0.018,0.004999999999999999,63.694163889441896,56.95452945012535,77.173432768075,True,3.666,3.457,3.247,0.627684941439754,12.120335551055831,78.45885810735224,20.0,43.91936055801862,1.494,2.457,3.731
600339,2025-07-18 00:00:00,2025-08-04 00:00:00,影线后收阳,止损清仓,3.309999942779541,3.3499999046325684,1.0465731154733526,True,17,37.90106466024604,33.333333333333336,14.492753623188406,2.3000000000000003,True,1.4889929950212397,1.0378500559344783,0.8224177432110427,1.4870440537079608,4.603391536102911,True,-0.12195110427417827,1.5337408730844513,-0.6006000415836379,1.5337408730844513,0.8333333333333334,0.0,0.2,1.2663723618928862,5.0,-2.994009197675062,56.618,0.022,0.026,-0.008,-0.014,0.006,51.377219067298455,56.24087241524683,41.64991237140171,False,3.368,3.262,3.155,0.72769926187578,6.52973635806254,46.4064436183394,31.579,71.40619146349859,0.761,1.12,0.863
600339,2025-08-08 00:00:00,2025-08-18 00:00:00,影线后收阳,止损清仓,3.4600000381469727,3.450000047683716,-0.44850678800829774,False,10,23.216378554433067,22.881328193191738,16.10171580512721,1.4210490652123993,False,2.4360039062058565,1.3473931854747079,1.2584147035870215,2.049846008003319,6.292562396572397,True,0.7079653312098962,1.7647041498996467,3.592818175491069,1.1695895017748938,0.4444444444444444,0.25,1.0,1.618244274317252,4.0,1.7804208675267095,60.225,0.04,0.043,-0.007,-0.012,0.005,49.782424972505936,45.582572726943,58.18212946363181,True,3.549,3.391,3.232,0.7192430225456551,9.348274845178405,18.3007329454063,36.364,62.750898152791315,1.715,1.046,2.481
600339,2026-02-11 00:00:00,2026-03-05 00:00:00,影线后收阳,止盈清仓,4.039999961853027,4.809999942779541,18.86896773078084,True,22,44.57377245959714,38.943886027428995,16.501656890981028,2.359998531342253,True,5.357143278675002,2.9037172261904156,1.6096570126270808,6.203994564770916,14.865184624624247,True,0.3578728660242232,2.798979471432692,1.7632224871117343,4.392766959200727,0.7727266816075462,0.2941186370317181,0.0,1.1731255422479476,5.6666746139602155,0.7751992427776419,61.817,0.129,0.129,-0.0,-0.009,0.009,27.62732459602207,32.14421716738172,18.593539453302768,False,4.244,3.804,3.364,0.7681817748329859,23.133543638275498,52.219474512736554,60.784,67.10394325404155,2.712,2.386,7.626
603823,2024-10-21 00:00:00,2024-10-30 00:00:00,多头排列形成,盈利锁定,9.489999771118164,9.489999771118164,-0.15995201439566695,False,9,44.4982679208085,40.93791266205059,14.955643267802978,2.7372886561277596,True,5.938582367616636,1.4322361987543688,0.8715983334540893,5.850202446375963,6.183795972469948,True,0.6454393284097382,0.5296630609895968,3.2644200699990753,1.605991606849301,0.48386908222814934,1.000006357844945,0.0666683620919853,1.0042586995704494,0.7142837680119527,5.869079886157546,55.687,0.166,0.132,0.067,0.064,0.0030000000000000027,35.16795221134716,36.675194682279276,32.15346726948293,False,10.321,8.965,7.61,0.6934709594681535,30.239821528165077,33.24200705649205,57.955,74.01542454491013,1.733,0.556,6.41
603823,2024-12-05 00:00:00,2024-12-17 00:00:00,影线后收阳,震荡市时间止损,10.100000381469727,9.619999885559082,-4.904830304970468,False,12,7.764105351266418,25.037467818853926,20.689642353548084,1.2101450276911254,False,4.7171144443938156,0.7179927434400679,0.5775779107375727,1.8504551540867515,7.235763706009152,True,0.3000611580143393,-1.1741671470031065,1.5075434681407116,3.8026809521139815,0.6491235408381282,0.432431039193348,0.108107759798337,1.3642536334025424,1.5416655076909627,-3.168323132795461,54.935,0.146,0.164,-0.036,-0.046,0.010000000000000002,35.827378942466595,43.28400731300073,20.914122201398328,False,10.418,9.916,9.415,0.6829515268890601,10.114965711980638,16.180770460607985,42.236,55.58283531780371,0.849,0.373,2.625
603823,2025-05-06 00:00:00,2025-05-12 00:00:00,影线后收阳,止损清仓,10.270000457763672,10.039999961853027,-2.3959071774816025,False,6,35.330081865040285,30.81180909200001,8.671591520533381,3.5531896329573427,True,3.769647958484379,2.967718918545972,4.0526877319695505,7.409929194308036,6.160847957830521,False,0.4228756237603099,5.985561429275402,2.087475441228401,4.05269074815123,0.9756115148075438,0.02499815225865518,0.0,1.015067391934685,2.500005960470162,-1.5999984741210938,58.359,0.095,0.01,0.17,0.141,0.029000000000000026,78.43350209408246,76.6402627437701,82.01998079470718,True,10.491,9.562,8.632,0.8811191273607705,19.44153942689814,87.57127376927406,6.757,78.16323008289939,2.82,5.252,6.393
603823,2025-06-19 00:00:00,2025-07-18 00:00:00,影线后收阳,止盈清仓,12.220000267028809,13.510000228881836,10.379626977295214,True,29,50.85393938367303,44.95725665293648,17.863236939433218,2.516747485652672,True,6.8389071864754225,4.928730575498786,2.9225984825550215,9.537470140135548,18.74453609612326,True,0.017176620872837032,2.0885546735418323,0.08190195618831139,10.788763035963033,0.9296874185093185,0.0,0.07563034638397315,1.0200892144101983,5.666668180435148,-11.974617893093635,60.303,0.454,0.454,-0.0,-0.057,0.057,34.242736636728914,42.20653183822139,18.31514623374396,False,12.996,11.156,9.316,0.7891305073447848,32.98673359627106,26.54683636878058,43.75,55.836852599857586,4.089,3.326,11.036
603823,2025-10-31 00:00:00,2025-11-05 00:00:00,影线后收阳,盈利锁定,15.899999618530273,17.31999969482422,8.756581265990281,True,5,12.373266564006286,19.946078410371317,20.03594487025144,0.995514738113821,False,4.999999742944922,5.633802638426352,5.626784349981863,3.2534560127164007,11.203065527172615,False,1.2648003179564549,4.950495174156043,6.2834196389463,10.878657247858223,1.0,0.0,0.0,1.5497231369065516,5.199994913740213,-2.629806779023178,59.794,0.172,0.25,-0.156,-0.32,0.164,44.07600737867954,30.81086591919082,70.60629029765698,True,16.71,15.399,14.088,0.6910753693860691,17.027079680498748,2.5300607915525153,41.353,28.91753643314553,5.742,4.887,5.211
920725,2025-03-10 00:00:00,2025-03-11 00:00:00,影线后收阳,止损清仓,37.0,35.709999084472656,-3.6408642659557735,False,1,24.611039849808893,27.92587805159502,18.04292266079597,1.5477469241872293,False,5.938223982409621,6.726664265113678,7.2619223735368275,4.0685167849214965,1.463450238539702,False,2.878508176037915,8.02919708029197,15.085531085331748,8.440800581104076,0.5323477170693253,0.802083512699096,0.07638795986622074,2.94763827276267,3.428572077329349,6.130144257558387,55.05,-0.266,-0.307,0.083,-0.375,0.458,51.57955122333545,41.36896482492474,72.00072402015688,True,39.339,35.553,31.768,0.6910579844142122,21.294968075830447,88.03567337226113,28.344,50.64355217236075,8.034,6.352,5.396
920725,2025-12-03 00:00:00,2025-12-04 00:00:00,影线后收阳,止损清仓,36.70000076293945,35.0,-4.784697360963474,False,1,26.9981467936302,24.428284485999296,20.75537613231474,1.1769617823483371,False,5.616971586297055,6.785383875556157,7.072005292942496,2.336737150898009,12.18095888353659,False,0.8154880512917321,9.486874289225291,3.9365599988332276,8.837483494534078,0.6234310257867216,0.6040266824033621,0.0,2.6129064274737996,3.104169150195901,-2.172641364151815,54.754,-0.006,0.236,-0.484,-0.963,0.479,35.76289556644091,24.734907050674,57.81887259797474,True,40.793,35.862,30.931,0.5849726995477036,27.49986057665495,72.51845452016853,41.287,43.11027253261097,6.3,6.177,2.378
920725,2025-12-11 00:00:00,2025-12-15 00:00:00,影线后收阳,止损清仓,36.2599983215332,34.029998779296875,-6.3001415237959755,False,4,40.21327357387245,29.034328715678598,9.432163456484256,3.0782257802920703,True,6.1401802568531885,-0.7825797286448154,1.8310439650499726,2.6948134859263457,8.346068843156683,True,0.6333283949691879,-3.2292576988264536,3.2754135322987836,1.1718698860412415,0.12034325700663363,4.619073569482289,2.6904904632152586,1.1671894275832564,0.23999895368303573,-2.7792927426685314,52.334,0.387,0.28,0.215,0.249,-0.034,59.321959350115854,54.41968200860933,69.1265140331289,True,38.117,35.309,32.5,0.6693961761675636,15.908125407119991,67.38392128447866,40.433,62.061421843190054,-0.129,2.384,0.556
920725,2026-01-20 00:00:00,2026-01-28 00:00:00,影线后收阳,止盈清仓,35.900001525878906,39.86000061035156,10.853041907949844,True,8,14.957472201650305,23.42473560424325,17.36411953524916,1.3490310036561912,False,4.136490257038936,3.3509922682317317,2.145338986196635,2.5670362619278073,1.192800905497265,False,0.5907566524553971,4.909410418604486,2.924313149451369,4.7869331135224344,0.6307699079338297,0.5853641516850927,0.0,2.5189842266737426,5.655165609955013,-6.590100813572604,54.053,-0.032,-0.053,0.043,-0.138,0.181,41.95995962300624,40.379500943787576,45.12087698144357,True,36.46,35.002,33.543,0.8080224634483736,8.3338094966002,84.11602205888649,26.374,62.757201473387035,3.28,2.628,2.83
920725,2026-03-10 00:00:00,2026-03-16 00:00:00,影线后收阳,止损清仓,37.36000061035156,36.060001373291016,-3.634041524271426,False,6,48.705818363701184,35.250419495891116,15.905331704861743,2.2162643414167973,True,6.947844751509352,2.0653494615559618,0.6086082700487541,3.8008463059351745,4.65572410808976,True,0.7985904969854999,-0.2669473480113981,4.037874600670456,5.626241839303203,0.7928286792039904,0.2613065422961391,0.0,1.1570849630423092,4.522705992509363,-6.017651876782113,53.58,0.322,0.32,0.004,-0.105,0.109,37.98041659540478,40.166823287301824,33.607603211610694,False,39.223,35.992,32.761,0.7116992587978277,17.953989775505658,14.111696442361922,51.604,66.51891444387117,2.389,1.224,3.659
920699,2025-09-17 00:00:00,2025-09-24 00:00:00,多头排列形成,止盈清仓,42.52000045776367,45.36000061035156,6.508574525136053,True,7,44.97273636931073,30.58286491749179,8.708567366867914,3.511813554298896,True,7.349481235653793,-0.004704452294013237,-0.09867914248273316,0.16962048534132387,17.216253334752377,True,0.7725855731254383,0.6628758716162965,3.986307391650095,2.8543790537502285,0.4083046900986806,1.4406782400672422,0.00847315165034106,1.078341207081846,0.9516147887453932,-1.9454321830113392,54.456,1.496,1.956,-0.92,-0.959,0.038999999999999924,28.42897689576241,29.908693988659323,25.46954270996858,False,46.648,42.448,38.248,0.5085714830671038,19.788918205804762,-18.977831239744795,67.157,52.836016250672564,0.639,-1.422,1.482
603580,2024-07-23 00:00:00,2024-07-24 00:00:00,影线后收阳,止损清仓,18.8700008392334,17.940000534057617,-5.080528112215759,False,1,13.170496845965745,34.00978580569658,20.29390785678095,1.6758618421701685,False,5.409190809291786,-0.38010631610495,1.1904778342887374,2.7330178021990825,0.0,False,0.08453970325541879,1.0171334633488875,0.4257579553386066,1.0171334633488875,0.15200042724609375,4.9473472870551625,0.6315815891181047,1.0276370157515864,0.44186335348624706,-3.2440739355899564,67.265,-0.011,-0.165,0.308,0.34,-0.03200000000000003,52.936527531408515,52.89642415800863,53.016734278208304,True,20.223,18.368,16.513,0.6353101992542853,20.198170731707304,68.22789522098144,45.012,67.31711163503086,-0.247,2.671,0.0
603580,2024-10-18 00:00:00,2024-11-18 00:00:00,影线后收阳,盈利锁定,19.360000610351562,19.6299991607666,1.2324378295936693,True,31,55.5424190260974,36.406444938466834,11.238223470398875,3.2395195765914653,True,5.482585648564382,0.9805992441280522,-1.8952041742074062,3.557104199537373,2.316571086682472,False,0.545416883712431,1.6273038619756368,2.7600873330791553,3.143314534890456,0.6704553582459312,0.3559305595965474,0.13559305595965473,1.4599831098775196,1.2826062618949883,-4.735518972257158,53.543,0.258,0.24,0.035,0.046,-0.010999999999999996,23.579028444556258,33.8458072296825,3.045470874303774,False,21.336,18.695,16.054,0.6258993961286565,28.25354372826959,-4.28693252889522,62.177,69.86301009374964,1.273,-0.976,4.149
603580,2026-01-16 00:00:00,2026-01-30 00:00:00,多头排列形成,止盈清仓,16.290000915527344,16.389999389648438,0.4529302381289897,True,14,40.20584933721834,23.368740340254583,11.987838127268413,1.9493706948793659,True,2.88959203583052,1.2933749535882768,0.5121278631324129,2.81170595982972,2.8788012010841597,True,-0.012432630594010907,1.117320287747979,-0.061339398780279754,2.97093065593986,0.8545458959144677,0.17021216154795143,0.0,1.0479057939878067,5.875020861645567,-2.921488052312663,56.443,0.135,0.12,0.03,0.013,0.017,52.5419762643892,57.129512192973664,43.36690440722026,False,16.89,15.845,14.799,0.7130563919308195,13.196591984853272,14.624972042367137,28.926,74.05748561092564,1.065,0.416,3.774
603580,2026-04-10 00:00:00,2026-04-24 00:00:00,多头排列形成,止盈清仓,17.610000610351562,18.799999237060547,6.586755303921439,True,14,14.80411994019954,23.145172330518967,25.0806239492276,0.9228308026695549,False,5.029608696927682,4.299930090997374,3.430050448732163,4.8713700114984055,9.342663993102034,True,0.9687852737447994,7.7723405502082095,4.821436964736074,3.8938042342462578,0.7951806121440669,0.0,0.2575759327225963,1.9402242151128979,0.0,-4.878041655933547,58.01,0.293,0.317,-0.048,-0.148,0.09999999999999999,47.29918671812852,45.32461151285232,51.248337128680916,True,18.402,16.792,15.182,0.7540374566309198,19.175797999047166,61.88011078137271,26.84,68.209203932378,4.386,3.35,5.88
301319,2024-10-18 00:00:00,2024-10-31 00:00:00,影线后收阳,止损清仓,14.220000267028809,13.829999923706055,-2.898183537641764,False,13,58.07211627274128,50.56576019273123,11.24470344877356,4.496851377458634,True,7.102672331623576,5.13086088249493,3.350536021940323,15.567476964564536,21.955405643599253,True,1.9598977720943016,6.836963326243948,10.061920921503303,6.040271654238794,0.7941177020573177,0.24691321685954032,0.012345955186749349,1.6291863068019832,5.062477275842954,-2.3323661973064542,64.198,0.68,0.547,0.267,0.232,0.035,41.10432556221858,47.06389531114212,29.185186064371493,False,15.478,12.305,9.131,0.8017961662248005,51.58065826899634,64.97503949262239,36.288,65.69777119476461,5.922,6.034,17.577
301319,2025-04-25 00:00:00,2025-05-26 00:00:00,影线后收阳,止盈清仓,15.960000038146973,17.010000228881836,6.408473372653005,True,31,12.480880101785916,28.599737342762655,24.76882062440714,1.1546669006347656,False,6.775869233120453,0.9998733825648637,3.4549814661894116,3.6935967463382373,7.570124155849029,True,1.2689051080614937,2.1113238726157153,6.613224806005001,2.373315471056382,0.4624997466803201,0.6216231541885646,0.5405401922298717,1.049572904241104,0.9487168201102838,1.5655562447005131,55.502,0.2,0.108,0.184,0.158,0.025999999999999995,65.37145742069227,67.86906457124856,60.3762431195797,False,17.922,15.392,12.861,0.6123295866719961,32.88071725571726,75.08724964174993,15.575,62.73008314896801,1.894,4.805,4.442
301319,2025-11-21 00:00:00,2025-11-27 00:00:00,影线后收阳,盈利锁定,27.93000030517578,27.68000030517578,-1.053615162397004,False,6,31.61572518308452,30.606995965526444,13.734566568813676,2.228464641543481,True,4.971613275279017,-0.44200394229801715,3.987490565427423,2.757491509814541,7.976804772717168,False,1.7555314251702054,-0.3211996827892761,9.486476105766855,0.28725286395070726,0.052980073893959014,16.375008940705243,1.5000119209403238,1.0220409445871375,0.131147284688696,12.82557214060667,53.834,0.175,0.0,0.35,0.365,-0.015000000000000013,55.598090666570876,46.90916076782607,72.97595046406049,True,29.397,27.181,24.964,0.6690729314630686,16.30918656414407,79.0035324845457,47.695,50.74818379079256,1.086,3.652,2.657
301520,2024-10-18 00:00:00,2024-10-30 00:00:00,影线后收阳,盈利锁定,29.3799991607666,29.860000610351562,1.4712041846731685,True,12,49.1712701466219,46.64982323864989,17.319857385263063,2.6934299862274154,True,7.692305908792061,1.8441485870644128,-1.9490062018940584,5.0317258785035825,7.24649752751016,True,0.5857728442444525,2.8711474445301133,2.9432313184764203,3.4507026598581487,0.5025636711849619,0.7244911463949147,0.26530647992806566,1.2264222616623335,2.799995640350734,-5.573989181143701,55.619,0.785,0.803,-0.036,-0.026,-0.009999999999999998,17.584697703084476,27.497787881396178,-2.241482653538924,False,33.231,27.972,22.714,0.6338308605844444,37.5983125983126,-5.187287870226572,65.764,61.48544415919057,2.026,-0.941,6.951
603137,2024-10-18 00:00:00,2024-11-18 00:00:00,影线后收阳,盈利锁定,10.369999885559082,10.520000457763672,1.2842200677689086,True,31,44.80826829306,41.20371385584591,14.81481863038504,2.7812499689559154,True,4.4634237912066235,0.27073948858085206,-1.5007616078550232,3.4207628157143297,3.6015775742600407,True,0.15494852513795587,0.6796086750288162,0.7774531001227358,1.467706600891135,0.6521735524853631,0.5333341810459926,0.0,1.6060538024642261,0.48387057079044354,-3.8715754627436643,54.904,0.181,0.165,0.033,0.051,-0.017999999999999995,19.413288495617962,32.765749395859196,-7.291633304864504,False,11.21,10.027,8.844,0.6449703658322408,23.59629001695424,2.130897155234271,61.255,65.06899160746252,0.355,-0.702,4.435
603137,2024-11-27 00:00:00,2024-12-17 00:00:00,影线后收阳,盈利锁定,11.15999984741211,11.149999618530273,-0.24941647184019416,False,20,14.199478186557256,19.665256439543953,24.476980644208776,0.8034183923823435,False,3.059396893033534,2.1603814138614874,2.885589730414277,2.4464121001000274,8.169231243259892,False,0.22018328010810456,4.985886427707405,1.0869554888924153,3.047090729739616,0.634614679235594,0.03030373089038523,0.5454555963355778,1.6668055713192276,2.9999826605631847,2.2514050145735034,57.784,0.11,0.125,-0.032,-0.075,0.043,67.80630945059343,56.85614160610673,89.70664513956683,True,11.293,10.893,10.494,0.8335417364356822,7.334985770678412,33.38132306447321,13.333,55.611387722163755,1.98,2.471,2.546
603137,2025-06-06 00:00:00,2025-06-16 00:00:00,影线后收阳,止损清仓,13.630000114440918,13.359999656677246,-2.137711253788457,False,10,13.015704107032619,19.578949862239263,23.789471317196632,0.8230090362742226,False,2.4892573701876692,0.6201107822337247,2.296608659972635,2.542883739222973,10.27954274034632,True,0.25162829727321434,1.0378083446857578,1.2630020491244298,0.36818991911465315,0.07142886336976824,0.3999885559518587,12.599954223807435,1.0212443102923199,1.6666878596178911,3.044137047785832,65.574,0.277,0.282,-0.01,-0.019,0.009,88.37520249291785,77.33858754475114,110.44843238925125,True,13.783,13.292,12.801,0.8441956358868823,7.387902497742998,39.78565588661601,2.198,73.01078348330977,0.727,2.417,3.075
603137,2026-02-03 00:00:00,2026-03-03 00:00:00,影线后收阳,震荡市时间止损,14.479999542236328,14.09000015258789,-2.84900995692396,False,28,8.157399568861885,20.1058275812219,18.2539584425034,1.1014502769112544,False,1.864640811202776,1.1455696464779304,0.5695213514652826,1.2233458193891127,0.8567223034588652,False,0.09788798144833377,2.1156504273913552,0.4857716555548055,0.9059174725491335,0.48147755690247107,0.5384700030811215,0.5384700030811215,1.0567116884778787,0.999992664050178,-1.1764711317500756,56.481,0.052,0.046,0.012,-0.004,0.016,54.18180005064117,54.266157296599644,54.013085558724214,False,14.605,14.305,14.005,0.7916659037272127,4.194337644180354,55.11546192441711,30.882,73.03339350631414,1.035,0.567,1.662
002189,2025-07-17 00:00:00,2025-07-23 00:00:00,回调反转买入,盈利锁定,26.030000686645508,26.25,0.6838720894346944,True,6,26.357424193432433,23.450357886208103,26.354562609934003,0.8898025830779221,False,6.330607813404636,0.7041192074597518,-0.6678085768748115,-0.781396060915389,18.96619004768233,False,0.24044161726774682,-1.8476612468334919,1.2052930854086565,3.2936503911805417,0.7685185021660771,0.06024005018855177,0.2409647967754315,1.1349784786297112,2.02439081122824,-4.387637003816444,55.319,1.007,1.417,-0.821,-0.867,0.04600000000000004,22.73945056721204,20.317024051747886,27.58430359814035,True,31.257,26.235,21.213,0.47958987322237223,38.284734133790735,-71.71167073076994,87.599,44.47653735878269,0.787,-1.712,2.896
002853,2024-10-21 00:00:00,2024-11-01 00:00:00,多头排列形成,止盈清仓,8.199999809265137,8.869999885559082,7.99771156164053,True,11,41.614987855602216,40.74074386903364,16.264078405849695,2.5049525003753326,True,5.409407824559011,2.8600072980249767,2.09163147934549,7.266660573937978,14.291021689522184,True,0.6311537469258328,2.3720296498646163,3.1446541634962495,2.756889594809717,0.5789473684210527,0.5454545454545454,0.18181818181818182,1.5374418393564289,2.2,2.9947919819581705,61.223,0.254,0.243,0.022,0.005,0.016999999999999998,36.05194331524603,37.36611300019288,33.42360394535231,False,8.786,7.644,6.503,0.7433201091831524,29.866562009419145,55.135451606669314,49.77,68.46778262434748,2.907,1.874,8.892
002853,2024-11-25 00:00:00,2024-12-04 00:00:00,影线后收阳,盈利锁定,10.649999618530273,10.630000114440918,-0.34744041998168523,False,9,40.460090837932356,36.92493773406013,11.743335477753984,3.1443313361871486,True,5.539905175986625,5.112511356179098,4.0140607678036755,8.551622217903535,28.212841171993492,True,2.2195307071870194,6.820454696979798,11.51831838561216,6.4999961853027335,0.9027769131428193,0.10769336858506927,0.0,1.3304329491848688,2.954540134467915,3.1568271817777114,63.075,0.484,0.513,-0.06,-0.121,0.061,47.12709495696705,44.660867614380386,52.05954964214037,True,11.089,9.811,8.533,0.8282471121010458,26.05239017429417,67.41573167483688,28.879,61.438231252610294,6.129,4.344,10.182
002853,2025-05-13 00:00:00,2025-05-16 00:00:00,影线后收阳,止损清仓,14.989999771118164,13.649999618530273,-9.084947449876765,False,3,13.249558571698548,22.641511756903345,26.11718661658439,0.8669200128365283,False,4.7984360722548685,2.9250194585183316,3.801674308960893,4.354483089202358,5.991324573478422,True,0.46909513622412125,0.8069931841466876,2.320820214615134,10.545717605087557,1.0,0.0,0.0,2.8518027652230904,1.3364483732272348,-5.215577149035088,55.575,0.123,0.1,0.045,-0.032,0.077,65.48897301359384,61.41321362337234,73.64049179403682,True,15.24,14.365,13.489,0.8572243124604019,12.189349112426031,-7.207220310321504,11.111,59.45587960657062,2.824,3.421,6.438
002853,2026-05-14 00:00:00,2026-05-22 00:00:00,多头排列形成,盈利锁定,27.690000534057617,27.469999313354492,-0.953196218377392,False,8,33.01277365769858,26.09464819538742,25.917739701476723,1.0068257686028315,True,5.832430033256827,-2.575466938370683,-0.5994882277623412,1.4341468171594383,1.5631231810415578,True,-1.2713630270707048,-5.236135575806176,-6.19918663729143,0.39884195306691356,0.035143974391552577,13.090823970037453,14.36355597170204,1.3886352649167366,0.12087981186412969,-0.8658000615553437,53.132,0.625,0.539,0.172,0.333,-0.16100000000000003,51.151566384472126,54.269305588611736,44.91608797619291,False,29.946,27.298,24.651,0.573937777914564,19.397025423107927,-7.569828186209064,55.01,45.18581705899112,-3.199,0.417,2.852
600188,2024-10-21 00:00:00,2024-11-04 00:00:00,多头排列形成,震荡市时间止损,14.869999885559082,14.430000305175781,-3.1141940828019132,False,14,68.97443734769598,34.42623976000459,8.587037904352188,4.009093722825686,True,6.153328182752915,2.368167818949828,1.4324695793502575,7.27554709999259,11.67436342705019,True,0.027543732521587524,3.551533712221861,0.13467679175491096,2.4104643027629495,0.6249995742521313,0.5714289606840308,0.0285721292312555,1.2178951772504514,1.1666640175730276,0.8996547830925486,59.079,0.484,0.44,0.088,0.09,-0.0020000000000000018,37.00517384330646,37.09342614235002,36.82866924521933,False,16.227,13.861,11.496,0.7131684391374089,34.131736526946106,43.29815602700483,57.772,75.49510506885056,1.989,1.266,10.101
600188,2025-08-25 00:00:00,2025-08-27 00:00:00,影线后收阳,止损清仓,12.920000076293945,12.460000038146973,-3.7146289192542934,False,2,30.632190093439704,36.34021904532732,14.690745151805112,2.4736811284798614,True,2.1450675498565297,2.4421185404463874,2.2718284184015434,2.523409603629774,6.397288239739793,True,0.783122528431561,4.36187364185185,3.94207368534119,1.4128752622417275,0.6000006357824734,0.22222163353537067,0.44444326707074133,1.2195564761799789,3.5999923706345727,0.9561743723930212,59.88,0.116,0.132,-0.032,-0.078,0.046,53.89636065529674,40.27480123140142,81.13947950308737,True,13.123,12.602,12.081,0.8051824148694299,8.268528804951593,51.32965869936851,27.907,45.95917230631589,2.689,1.953,2.283
600188,2025-10-09 00:00:00,2025-10-30 00:00:00,影线后收阳,止盈清仓,13.329999923706055,14.449999809265137,8.228708372558112,True,21,37.58739918545855,25.42016764631988,11.974802964083745,2.12280466931799,True,2.550637796659301,0.877856707106197,0.9695498695495267,2.850969273570954,5.507551376390319,True,-0.04538537553841208,0.5279011584913189,-0.22454890525538093,2.617399219235119,0.829268973473888,0.0,0.20588136296828194,1.409227450454655,3.0908933277847135,-3.491829611417394,58.137,0.179,0.173,0.012,0.003,0.009000000000000001,63.376109516723695,68.22404518533983,53.680238179491425,False,13.639,12.961,12.282,0.77229176396909,10.469871151917284,34.858556633850384,19.802,77.31096031149002,0.692,1.023,3.507
600188,2026-05-15 00:00:00,2026-05-21 00:00:00,影线后收阳,盈利锁定,20.829999923706055,20.0,-4.138215697275087,False,6,34.589031688323566,27.496775009125464,16.018170035842576,1.7165990214611364,True,5.28770191278905,1.0282272425777792,-2.3349602852423357,1.7661273857466169,6.85521729172698,True,-0.2805193582231387,0.5308909941935409,-1.3731103409268144,4.202101861959672,0.6222221594288694,0.40476201288822483,0.20238100644411242,1.3437032405119465,2.8000076294139338,-5.303034065949647,53.921,0.393,0.519,-0.253,-0.267,0.014000000000000012,23.64152924970452,34.1640962333511,2.5963952824113505,False,22.95,20.469,17.987,0.5728389932915687,24.24642141775368,-52.358564811720925,65.86,63.41088703882864,0.62,-1.938,2.923
603057,2024-10-18 00:00:00,2024-10-25 00:00:00,影线后收阳,止损清仓,16.34000015258789,16.040000915527344,-1.992995952221213,False,7,47.91667779376366,36.12065112366902,12.67992189151486,2.8486493396966592,True,6.377862436174775,1.2015363075316063,-1.239045131136451,3.3948177331427556,14.345697028226144,True,0.6482987875780645,2.767299022729718,3.286981465200653,1.743466350912968,0.37333424886067706,0.9285699688694219,0.7499948910429766,1.0553577289339324,0.5283034485240533,-2.0884587955890574,56.876,0.502,0.588,-0.172,-0.181,0.009000000000000008,18.951992117166434,27.69350980972798,1.4689567320433383,False,17.981,15.804,13.626,0.6231917686768977,27.55631485699824,-7.753880413664009,69.742,66.53565931759337,1.543,-1.134,4.741
603057,2025-04-01 00:00:00,2025-04-29 00:00:00,影线后收阳,止损清仓,19.360000610351562,21.700000762939453,11.907492208502699,True,28,49.98990439294863,25.677422054102212,14.322577945897788,1.7927933191284626,True,2.8593585735374636,2.0021111073392985,1.1705724371315807,3.715215563809608,11.44049881367298,True,0.11604664152602973,1.8947400544819077,0.571431742086039,3.143314534890456,0.7866668701171875,0.1525425920537937,0.11864351986551579,1.1205613217067094,4.214305177111717,-3.4961453907573716,66.168,0.537,0.592,-0.111,-0.14,0.029000000000000012,31.741665724868096,36.25967707435663,22.70564302589102,False,20.396,18.666,16.937,0.7004916479767452,18.53101896496303,-4.852729815234585,44.604,54.735342227591,1.761,0.991,5.337
002879,2024-07-31 00:00:00,2024-08-05 00:00:00,影线后收阳,震荡市时间止损,12.4399995803833,12.270000457763672,-1.524318664907365,False,5,13.69060903135253,26.574816046887744,21.259845328262088,1.2500004415159183,False,2.9168575685498612,1.3854890222682281,1.584186506858903,1.9129113665336845,0.0,False,0.6232559507273986,1.2205013750680047,3.1509050376855545,1.8836981287285366,0.6052617709726722,0.434785132602458,0.217392566301229,1.6097282323651902,3.833359824522364,0.3284069035370198,64.653,0.081,0.075,0.012,-0.012,0.024,62.41382929315822,51.537336584072634,84.16681471132941,True,12.587,12.207,11.826,0.8068325629215518,6.234127959367569,72.91230901178389,45.763,55.7230965324124,1.676,1.773,0.0
002879,2024-10-18 00:00:00,2024-11-18 00:00:00,影线后收阳,止盈清仓,12.75,13.119999885559082,2.737366129046432,True,31,60.61055460889897,42.87411126795515,9.8574913996596,4.349393728046842,True,4.717087411746925,0.8383418708202738,-1.8702387711125927,4.761513561420401,4.9483487685864995,True,-0.06323104917531013,1.3513519660170512,-0.3127440341855334,2.245386743988468,0.6086950211985197,0.39285629136140543,0.25000255448721226,1.1693377719408118,1.6470565135926578,-6.085652848086278,56.361,0.261,0.231,0.059,0.083,-0.024000000000000007,24.95256749371219,39.211785696237,-3.5658689113374322,False,14.03,12.17,10.311,0.6558214573810165,30.558751027115854,6.86271720593563,52.355,57.930344790284636,0.645,-0.578,5.678
002879,2024-11-21 00:00:00,2024-11-26 00:00:00,影线后收阳,止损清仓,13.920000076293945,13.470000267028809,-3.3875383868309323,False,5,19.605385713547793,22.644929570627106,10.144936049393424,2.2321411845647927,False,2.83251204527651,3.3407572193853285,2.4508720859185433,3.004292148366349,10.767762274254903,False,0.6124885631028875,6.097562482568367,3.0347878642933472,3.0347878642933472,0.9111111582061591,0.09756091887717601,0.0,1.5670045018175653,10.250005960470162,-2.023119435579163,61.481,0.226,0.264,-0.076,-0.137,0.06100000000000001,58.26825452680549,51.131557312360485,72.5416489556955,True,14.018,13.514,13.01,0.902777853466215,7.458931478466782,90.87830438586349,12.15,68.03289949265691,3.29,2.24,3.936
002879,2025-01-20 00:00:00,2025-02-05 00:00:00,多头排列形成,止损清仓,15.34000015258789,14.069999694824219,-8.425721596117192,False,16,10.534900807067837,34.13258603279914,24.54160071763664,1.3908052056388485,False,6.602718502876635,1.7646290027860296,2.9115806222232887,3.3135782688145703,8.669729363777149,True,0.9780285394963203,2.13049057970444,4.996581198254926,4.424782782652943,0.5803577130546957,0.7076917433884752,0.015383486776950445,1.3953352532592225,64.99856952126645,-1.469607635968823,55.787,0.224,0.197,0.055,0.005,0.05,49.53452228249076,49.67323523992905,49.25709636761418,False,16.413,14.848,13.283,0.6571885471526807,21.080280172413797,81.55062367517843,38.142,57.406714342257686,2.289,4.71,4.306
002879,2026-02-06 00:00:00,2026-02-10 00:00:00,影线后收阳,止损清仓,21.809999465942383,21.649999618530273,-0.8923863488512808,False,4,13.321452848072328,19.9510392772527,21.787031361640143,0.9157300481230304,False,5.351412346908783,2.0207670992583524,3.4237459822602583,3.7509190595878046,19.18032505401958,True,1.5292540772249141,1.82072543538438,7.97029030789327,4.604312071504075,0.6575331728200392,0.37500099341169363,0.1458348234508738,1.5245008797758264,1.3150680636480025,3.834663648851036,59.062,0.716,0.821,-0.209,-0.287,0.07799999999999999,60.314734987782735,50.770505862635936,79.40319323807633,True,23.081,21.022,18.962,0.6914298290707412,19.593758919227476,46.148411996624695,29.968,54.50390930193339,2.966,2.45,5.929
002879,2026-02-12 00:00:00,2026-03-03 00:00:00,影线后收阳,盈利锁定,22.040000915527344,21.360000610351562,-3.2403177257757383,False,19,6.0806344367749405,22.867933002390306,22.56605365192538,1.013377587198955,False,4.294139727202178,1.2774608202524669,2.9473627905031594,2.880086648098345,18.4617229043466,False,1.1057429342763634,0.7312694739387562,5.707436509762469,1.942645975904771,0.3853217912307318,0.8095194844710061,0.7857139613353255,1.2058323904902477,2.333329801212224,-1.2897226674557287,59.526,0.67,0.74,-0.14,-0.192,0.05199999999999999,75.14629000737823,68.26693368945168,88.90500264323131,True,22.694,21.423,20.152,0.7427226260925823,11.86575176212481,91.2549582898161,12.811,58.00749176600704,1.99,3.567,4.243
002270,2025-01-14 00:00:00,2025-01-16 00:00:00,影线后收阳,止损清仓,16.469999313354492,16.040000915527344,-2.7665739004078604,False,2,22.998707833817807,18.385097935892198,22.236025168486506,0.8268158448546844,False,3.491194274426699,2.3617125397256538,4.273500052187931,3.0889076275676586,0.8614308323321739,False,1.0424503532086646,2.680787863365352,5.306898668874346,5.441737733821926,0.9042551140808046,0.0,0.10588260373459114,1.5400173588212556,2.833329624602239,3.180911447201076,54.846,-0.069,-0.124,0.11,0.022,0.088,69.26525995795255,56.79200375522583,94.21177236340601,True,16.764,15.976,15.189,0.8133328973679319,9.85853780671006,56.05501054188718,1.351,66.14322012551457,2.841,3.824,2.962
002270,2025-08-08 00:00:00,2025-08-22 00:00:00,影线后收阳,止盈清仓,17.5,18.510000228881836,5.602246346577658,True,14,40.72409187247635,29.739137818995662,19.30435203739596,1.5405405869819233,True,2.3469395540198503,0.43617901412540033,1.7323564319882827,2.874610177005011,9.861365419827358,True,0.646949465177769,1.3317865439484258,3.305781867105094,3.0017671321502983,0.6144581635677994,0.2941167670829173,0.3333333333333333,1.6576228465882543,6.375008940705243,3.7080699034863613,63.979,0.379,0.359,0.039,0.05,-0.011000000000000003,69.42375190320607,63.39394124418244,81.48337322125332,True,17.822,17.011,16.2,0.8014796547472262,9.53500676033155,50.087572321397325,32.71,50.834892628199306,0.903,1.823,4.123
002270,2025-09-05 00:00:00,2025-09-10 00:00:00,回调反转买入,震荡市时间止损,18.389999389648438,18.420000076293945,0.0029229227277325024,True,5,22.373726519442698,17.867055110771556,29.362903059631346,0.6084907570101782,False,2.8043182030733544,1.3558153780738376,0.17430660324548017,-1.565639457121368,6.575741093358967,False,-0.28577734088728357,1.6022044313082104,-1.394103132439235,3.2565970864579423,1.0,0.0,0.0,1.0220184971633994,3.866675991505919,-3.1573211606356075,53.465,0.167,0.33,-0.325,-0.391,0.066,31.62471198537498,28.192861383823338,38.48841318847827,True,19.848,18.682,17.517,0.3745171126762927,12.477250829675622,-71.61905055982324,56.15,29.87509908192274,0.887,0.018,-0.545
002270,2025-11-03 00:00:00,2025-11-11 00:00:00,影线后收阳,盈利锁定,25.709999084472656,25.969999313354492,0.8497110059156632,True,8,80.133535892554,39.10255992253231,8.846168267263542,4.420282176548313,True,6.5010841693470445,-0.11655426549100723,3.594161708672043,10.938507376365287,27.804469149186634,True,0.8936965956219654,-3.382192804342877,4.639802213300733,0.429682427202427,0.0607727179802774,9.636489743545283,5.818262211510118,1.1112028860677339,0.16176272593656385,5.4597696649518275,66.219,1.676,1.48,0.393,0.523,-0.13,67.22928306008892,72.75198888870797,56.183871402850826,False,27.514,23.175,18.836,0.7921178940392553,37.44552319309601,94.6518360406927,35.526,62.632308256976565,0.646,5.318,14.11
002270,2026-01-15 00:00:00,2026-01-26 00:00:00,影线后收阳,止盈清仓,27.489999771118164,30.8700008392334,12.115765397088762,True,11,66.29902632123492,32.19087230965093,5.913986764433684,5.443176251804393,True,3.8663403256531925,0.45311622614226577,3.3070264250644956,5.755172785192033,8.352054170715736,True,0.4994493625273889,1.2150218172313358,2.536368216044196,2.6129109058189868,0.7291661699608198,0.371429505641674,0.0,1.1494190188177562,0.4374997019764919,0.7167126835805057,61.418,0.666,0.504,0.323,0.337,-0.014000000000000012,63.51670277099559,67.00220897640229,56.54569036018219,False,27.905,25.994,24.083,0.8914180458184624,14.703393090713252,82.96171616092137,39.294,61.20011072949082,0.794,4.024,6.519
002270,2026-02-03 00:00:00,2026-02-25 00:00:00,影线后收阳,止盈清仓,31.200000762939453,33.90999984741211,8.512049011837721,True,22,39.765362409130454,37.67606145189724,18.882050024089516,1.9953374450248,True,5.201464043745633,3.004293845385852,1.0101031308243384,4.939208270339105,17.31896340117561,True,0.5043468220773261,1.9607855359147823,2.4967155569905923,4.76830101931706,0.8930817232833265,0.04929555708680719,0.07042280006823472,1.1644360894109722,1.8933334350585938,-3.660515184305048,61.128,1.166,1.345,-0.358,-0.449,0.09100000000000003,27.14367739457218,32.279330680725195,16.87237082226615,False,34.114,29.732,25.349,0.6675414447164238,29.480021525628942,-8.979504498453567,47.934,52.303849990618374,2.919,-0.2,7.639
002270,2026-03-02 00:00:00,2026-03-12 00:00:00,影线后收阳,盈利锁定,35.52000045776367,33.0099983215332,-7.215096454024924,False,10,44.94819173511693,34.65864969732108,11.290323503786581,3.0697658650522426,True,5.361164636388274,3.6535555799320605,5.538390525985728,10.947994690260726,25.664083499526946,True,1.121341797260488,4.747863808894803,5.6514026955455074,8.160780428512236,0.8617362634127673,0.09701428803238507,0.06343356876275717,1.5307542025125918,1.9142838458646,-3.941308970190817,64.256,1.58,1.412,0.336,0.232,0.10400000000000001,80.90789421917395,74.61668644421556,93.49030976909074,True,36.0,32.015,28.03,0.939774210509871,24.894580665313132,83.24935287924414,4.006,70.9309663244,3.981,7.666,10.653
600671,2025-02-27 00:00:00,2025-03-06 00:00:00,影线后收阳,盈利锁定,10.020000457763672,10.0,-0.359238099389009,False,7,61.35727242008334,20.05495153292612,7.9670290802443295,2.517243420468484,True,2.5948111852748994,1.5197606920997153,1.406745389340313,2.8483503847137435,8.765269930412153,True,0.0811213059431615,1.417007507096331,0.40081079521152263,2.4539952080302108,0.48000144958496094,0.33333200878967173,0.749995032961269,1.644219227124355,2.000007947293549,-1.8145191914456953,65.255,0.233,0.248,-0.03,-0.042,0.012000000000000004,42.918770389314425,43.12028864055309,42.51573388683708,False,10.31,9.742,9.175,0.7444937953864945,11.650585095462942,37.45059075785995,35.385,55.8971164516072,1.332,1.614,4.607
600671,2025-05-13 00:00:00,2025-05-20 00:00:00,影线后收阳,震荡市时间止损,13.479999542236328,13.260000228881836,-1.7893839689956084,False,7,44.108272993948646,28.915646570917403,19.64783164137883,1.471696576940344,True,5.71746469616012,0.17835467198493596,-0.9988288562879447,2.2684132318350176,18.545439946364226,True,-0.7230348451929913,-0.8094231723067016,-3.5075212271037106,1.9667115730395843,0.3095228904500888,0.03846252599686754,2.192316297972703,1.5514463264584684,1.1304338812134078,-1.4168499816945732,58.143,0.57,0.679,-0.218,-0.199,-0.01899999999999999,36.05469954087729,41.26122115325199,25.64165631612788,False,14.948,13.181,11.414,0.5846065484539694,26.811319323268346,-84.01021300772726,64.53,77.81702968121847,-0.455,-1.785,5.419
600671,2025-07-23 00:00:00,2025-07-25 00:00:00,影线后收阳,止盈清仓,14.020000457763672,14.680000305175781,4.540077535148801,True,2,14.272667415636073,18.31930898221502,16.638614758803012,1.1010116676042878,False,3.0313845131147805,-0.6096673665686818,1.1325135233534893,2.2052148044402076,4.483917784755233,True,0.241614660061462,-0.6378398377280192,1.2274373401562704,0.42980243160990406,0.10000079472935491,6.999936422156878,1.9999841055392196,1.0412583237668953,0.13953576054363834,3.1781250085904698,58.058,0.216,0.184,0.066,0.088,-0.021999999999999992,69.21860032594864,68.61414517708224,70.42751062368146,True,14.24,13.718,13.195,0.7894741222618867,7.617728531855955,85.70734980523879,35.2,42.81287788214242,-0.308,1.343,2.934
600671,2025-10-28 00:00:00,2025-11-05 00:00:00,影线后收阳,震荡市时间止损,19.540000915527344,18.700000762939453,-4.451950561624331,False,8,9.201556718111759,27.761185744421006,21.119385776874395,1.3144883112471644,False,4.898377283972488,1.9407371428654483,2.4968568117353165,4.046863129297011,9.900828312604606,True,0.6934248294227469,3.167900552013265,3.495772161538293,2.8421100817228617,0.729731192634539,0.20370095649839642,0.16666666666666666,1.0531790530291156,1.862078490953217,3.3567994709405045,59.219,0.295,0.269,0.051,-0.001,0.052,68.47013110014173,62.19196220595984,81.02646888850552,True,19.671,18.78,17.889,0.9264876069177017,9.488817891373802,97.16960654860726,18.4,62.426670980189975,2.197,3.1,4.567
600671,2026-02-05 00:00:00,2026-03-03 00:00:00,多头排列形成,盈利锁定,19.530000686645508,20.549999237060547,5.054420778141883,True,26,33.3459945548715,36.18729271934989,17.79262972363856,2.033836104129843,True,5.467777898460721,2.6705969560111247,2.762435996057958,2.9411809798754396,9.062484411912093,True,1.0411149242324793,5.283026899683329,5.283026899683329,1.8248194781064622,0.4430390137788004,0.7714235889722671,0.4857139743107667,1.2882322128105126,1.2499982970143255,2.2508042857899255,57.162,0.337,0.406,-0.138,-0.216,0.07799999999999999,42.27282849725867,30.42009529131494,65.97829490914614,True,21.343,18.972,16.601,0.6176720132107778,24.99472907442547,-6.643467068853158,72.345,47.424312231918975,3.097,0.813,4.327
600671,2026-03-06 00:00:00,2026-03-19 00:00:00,影线后收阳,盈利锁定,21.030000686645508,20.639999389648438,-2.011485392203011,False,13,49.900999774221994,32.00865913861471,16.546242366302014,1.9344971764588297,True,4.700769452736593,1.7810511826512432,-0.4873861059115302,3.3948756750172193,12.597382979378423,True,-0.27992182668916554,2.335773564017027,-1.360220508113389,3.4431911734697467,0.707070278934815,0.3714284935776917,0.0428580770676999,1.1633179290172355,2.5925910227609883,-5.57362157300711,57.842,0.536,0.628,-0.184,-0.21,0.025999999999999995,26.7460103184284,35.27054292643821,9.696945102408776,False,22.422,20.339,18.257,0.6657864793866763,20.47789960175033,1.8472509316239685,58.213,56.30863234780087,1.244,0.167,4.679
002810,2024-10-18 00:00:00,2024-10-29 00:00:00,影线后收阳,盈利锁定,13.829999923706055,13.65999984741211,-1.3871982810894996,False,11,63.80980177527527,45.95085374686877,8.917202924127173,5.1530568652351825,True,5.676065942604469,0.7576868193536831,0.36284470447626455,10.839510847429153,21.129844172205665,True,0.8078733828667811,1.2445100892600074,4.141567784593693,3.363227245263293,0.6923078051686243,0.4444442089692048,0.0,1.1299534058847238,1.3636361009161055,-2.181819568980824,63.64,0.713,0.634,0.159,0.204,-0.044999999999999984,41.620870448530205,53.33267707367262,18.197257198245367,False,15.273,12.477,9.682,0.7419066220186111,44.81045123026367,42.92233661219775,33.192,65.92846499330139,1.306,2.186,13.021
002810,2025-07-24 00:00:00,2025-08-14 00:00:00,影线后收阳,盈利锁定,12.960000038146973,12.890000343322754,-0.6992091802642552,False,21,41.813436455414156,25.1989308730394,16.710851041655072,1.5079382139321407,True,2.0778221156673857,0.4339735446134758,1.7907632118741166,2.7878017624054023,10.19471183117377,True,0.5610967147480957,0.3095972261364041,2.8571400458581095,0.5430542510456939,0.31818004482263845,0.0,2.142874659400545,1.0725147222523201,0.22580585618566532,2.5457490554299502,63.398,0.317,0.308,0.018,0.024,-0.006000000000000002,59.84852524167634,59.88788608551915,59.76980355399074,False,13.357,12.609,11.86,0.7348029646940369,11.872472043778252,76.68997203494081,44.068,50.913213565355655,0.83,2.101,4.372
002810,2026-01-08 00:00:00,2026-03-03 00:00:00,影线后收阳,止盈清仓,15.010000228881836,17.3700008392334,15.537754220823215,True,54,43.272992058777085,45.086140876000854,12.968592896119423,3.476563821314179,True,4.696867266599538,3.232464018307399,1.2137573133974655,7.348472354596468,12.814732727791917,True,0.49765083541356653,4.526466488474786,2.457342114167773,4.745291757125971,0.6296299566784581,0.5147048098823054,0.07352965925792952,2.2413210525167586,9.71433242506812,-3.175677438997869,63.198,0.451,0.437,0.027,-0.004,0.031,39.47768432173368,44.364518955782394,29.70401505363627,False,16.304,13.983,11.661,0.721300932345862,33.204605592505175,35.26314467337156,29.223,56.56046204233665,3.102,0.947,8.673
002810,2026-03-06 00:00:00,2026-03-11 00:00:00,影线后收阳,震荡市时间止损,18.829999923706055,19.06999969482422,1.1125699591602023,True,5,25.44896615409941,15.215889331380577,22.82387321604333,0.6666655211125622,False,5.534479360312802,3.461535873800084,0.5124367906964516,0.5097557150058522,17.54913473213267,False,-0.633325957752234,8.405290811356641,-2.9881500683442033,6.324115737619465,0.7887329429984862,0.26785626095234527,0.0,1.1473488219197625,2.1960790913544788,-5.505553423938286,54.882,0.477,0.74,-0.525,-0.636,0.11099999999999999,39.46351158991939,39.06588701065118,40.25876074845581,True,20.437,18.734,17.032,0.5280469673145534,18.17550976833565,-48.72078475182189,42.718,40.898332350247465,2.328,-0.392,1.901
002810,2026-04-13 00:00:00,2026-04-30 00:00:00,影线后收阳,止盈清仓,24.43000030517578,26.540000915527344,8.463157259267454,True,17,54.157285560099574,39.95340160610493,12.288865607712575,3.251187121863381,True,5.020175333754219,4.616308056210325,5.524600583228011,13.919329025974783,28.527087485637992,True,1.9916148635241098,4.134702721898802,10.293457001859728,7.149127730959432,0.8190961083374148,0.0,0.2208579552767994,1.506281653484743,5.093758195646473,1.182138598773518,70.885,1.3,1.139,0.322,0.248,0.07400000000000001,74.01154176586662,69.30238090834995,83.42986348089997,True,25.188,21.445,17.702,0.8987443635019746,34.907903940312416,89.83305353659581,3.68,71.52107920815351,5.522,7.491,16.156
002810,2026-05-06 00:00:00,2026-05-11 00:00:00,影线后收阳,盈利锁定,27.579999923706055,27.540000915527344,-0.3047490741123742,False,5,62.62413631230516,32.606677065669416,14.935072288167502,2.183228606901519,True,5.583755728331787,0.8335752153354201,2.0045854528937164,9.108890757683506,29.040307447126956,True,-0.8194931830718682,1.2110088943341457,-3.9359080348342594,3.9577806629650345,0.5172408285218992,0.0,0.9333353920603377,1.317975307137385,1.8750004257478687,1.763807489137145,65.507,1.688,1.677,0.023,0.074,-0.051,62.589072189072745,69.18405908609577,49.3990983950267,False,29.24,25.278,21.315,0.7905362679755276,31.351372735184736,42.43310426755625,21.944,58.619315889150954,0.006,3.347,10.661
600729,2024-09-19 00:00:00,2024-10-09 00:00:00,影线后收阳,止盈清仓,16.920000076293945,21.950000762939453,29.52063354457956,True,20,60.208104205413996,36.04337538718794,11.111108239462737,3.2439046232287243,True,3.1155011514224324,1.80505414333847,2.124577183331788,4.50250226712642,0.0,False,-0.2760104913559559,1.0149258286205691,-1.341105232374569,3.8036863083019754,0.8493167507119902,0.11290258076226162,0.06451444199360731,1.1799238176302946,2.952371004804679,-2.641059652386281,54.226,-0.081,-0.218,0.273,0.244,0.029000000000000026,62.19675866292222,63.780006110635064,59.03026376749655,False,17.138,16.191,15.244,0.8848997234920506,11.697856834043616,65.3053350553313,19.774,63.65634568462487,1.267,2.982,4.219
600729,2024-12-16 00:00:00,2024-12-26 00:00:00,影线后收阳,止损清仓,30.450000762939453,27.809999465942383,-8.816039028194513,False,10,59.838054710580536,42.20723142237191,8.003368310229696,5.273683502535268,True,5.568848035726254,1.203139639865851,3.5890487548484873,10.813911894202057,30.249737121374555,True,1.5662986895103523,-1.328580166244652,8.24742862206906,1.567715903534219,0.162630214520668,3.255308096876826,1.8936108044932147,1.6996958459690015,0.2748546621871835,2.9908528472480187,65.395,1.815,1.684,0.263,0.302,-0.03899999999999998,59.59732271072462,67.81704390084688,43.15788033048008,False,31.813,27.478,23.144,0.8427731875579022,31.54887546400757,93.26782342914258,26.812,73.71324922295575,2.313,4.97,12.637
600729,2025-08-25 00:00:00,2025-08-27 00:00:00,多头排列形成,止损清仓,29.81999969482422,29.15999984741211,-2.3696910187711038,False,2,37.59545143677622,30.676146119435565,12.526702875059325,2.4488603605751513,True,3.3654314447505405,0.24203220623698662,-0.18076013365792645,1.0128372716740062,4.849861766572188,True,0.4118008599254328,-0.6993039860790864,2.088328070766097,0.16795175106390586,0.11627721296641294,2.2000457770656903,5.4000915541313805,1.4502456071784906,0.7142779291553134,1.5368813013589273,56.148,0.352,0.389,-0.074,-0.071,-0.0030000000000000027,30.916696242137863,32.42033515709982,27.909418412213952,False,30.888,29.521,28.154,0.6093634582385581,9.261203888757162,9.30916436098001,67.568,50.14653199445543,0.545,-0.156,1.482
002265,2024-10-18 00:00:00,2024-11-22 00:00:00,影线后收阳,盈利锁定,10.34000015258789,11.199999809265137,8.143955695776823,True,35,41.7713846123462,35.59951469872962,13.597041039125648,2.618181014258293,True,5.588559081137577,1.3129532966463,0.5249863040278772,6.6969365183313005,17.133957461028302,True,1.250000212873743,0.9765662471182551,6.488157692748529,2.885571704967523,0.4754100411018228,0.7931019741060946,0.310345394574579,1.0861024840550328,1.1153834867769505,-2.9097980458279804,61.622,0.446,0.435,0.021,0.028,-0.006999999999999999,39.557102893917204,46.90046043623689,24.87038780927783,False,11.008,9.691,8.374,0.7463933760774074,27.179857599834882,44.8177903778439,46.008,65.61120031000988,2.14,1.972,9.259
920088,2025-05-15 00:00:00,2025-05-22 00:00:00,影线后收阳,盈利锁定,26.639999389648438,26.799999237060547,0.43968735532299497,True,7,29.4131741199292,26.99311115248557,16.509718441481315,1.6349831311880112,False,4.271234166694419,1.3698624569362303,2.493073166046708,4.1072314400345835,2.7381385938801275,False,0.07616030061092702,0.6802732857289084,0.37678398896583765,2.029868888960316,0.48623819498034027,0.6037743997236138,0.4528307997927103,1.6265699877382502,3.1176384790584435,-1.8775817339740632,54.769,0.221,0.044,0.354,0.339,0.014999999999999958,73.75326316829225,71.55153519114151,78.15671912259373,True,27.538,25.589,23.64,0.76962529236748,15.233107976083474,68.00668715247842,15.588,69.97691174876084,1.203,3.755,5.488
920088,2025-06-05 00:00:00,2025-06-18 00:00:00,影线后收阳,止盈清仓,28.31999969482422,54.84000015258789,93.33433283071606,True,13,40.687416776724305,25.273393443795026,10.510327089488618,2.404624825527167,True,4.151532827506215,1.3890854181478087,3.645145369855376,4.540419472151024,6.714227852780767,True,0.9395773441780828,1.3600542358737593,4.811248020119916,2.201373621457019,0.3885354961294179,0.9508185956925232,0.6229488205718288,1.33478227388185,1.7941186370317181,5.149566899693972,59.739,0.557,0.46,0.193,0.154,0.03900000000000001,69.98506051627899,61.62008825000439,86.71500504882819,True,28.621,27.09,25.559,0.9016981367812605,11.303063861203388,98.96155634259573,20.139,72.54670844287531,1.944,3.035,5.576
